{"frames": {

"ball.png":
{
	"frame": {"x":45,"y":4,"w":78,"h":79},
	"rotated": false,
	"trimmed": false,
	"spriteSourceSize": {"x":0,"y":0,"w":78,"h":79},
	"sourceSize": {"w":78,"h":79},
	"pivot": {"x":0.5,"y":0.5}
},
"barreira.png":
{
	"frame": {"x":4,"y":413,"w":228,"h":400},
	"rotated": false,
	"trimmed": false,
	"spriteSourceSize": {"x":0,"y":0,"w":228,"h":400},
	"sourceSize": {"w":228,"h":400},
	"pivot": {"x":0.5,"y":0.5}
},
"big-button-over.png":
{
	"frame": {"x":248,"y":4,"w":107,"h":90},
	"rotated": false,
	"trimmed": false,
	"spriteSourceSize": {"x":0,"y":0,"w":107,"h":90},
	"sourceSize": {"w":107,"h":90},
	"pivot": {"x":0.5,"y":0.5}
},
"big-button-up.png":
{
	"frame": {"x":132,"y":4,"w":107,"h":90},
	"rotated": false,
	"trimmed": false,
	"spriteSourceSize": {"x":0,"y":0,"w":107,"h":90},
	"sourceSize": {"w":107,"h":90},
	"pivot": {"x":0.5,"y":0.5}
},
"darwin-win.png":
{
	"frame": {"x":650,"y":413,"w":423,"h":500},
	"rotated": false,
	"trimmed": false,
	"spriteSourceSize": {"x":0,"y":0,"w":423,"h":500},
	"sourceSize": {"w":423,"h":500},
	"pivot": {"x":0.5,"y":0.5}
},
"finn-win.png":
{
	"frame": {"x":1082,"y":413,"w":314,"h":500},
	"rotated": false,
	"trimmed": false,
	"spriteSourceSize": {"x":0,"y":0,"w":314,"h":500},
	"sourceSize": {"w":314,"h":500},
	"pivot": {"x":0.5,"y":0.5}
},
"grass1.png":
{
	"frame": {"x":1342,"y":4,"w":400,"h":400},
	"rotated": false,
	"trimmed": false,
	"spriteSourceSize": {"x":0,"y":0,"w":400,"h":400},
	"sourceSize": {"w":400,"h":400},
	"pivot": {"x":0.5,"y":0.5}
},
"grass2.png":
{
	"frame": {"x":241,"y":413,"w":400,"h":400},
	"rotated": false,
	"trimmed": false,
	"spriteSourceSize": {"x":0,"y":0,"w":400,"h":400},
	"sourceSize": {"w":400,"h":400},
	"pivot": {"x":0.5,"y":0.5}
},
"grizz-bear-win.png":
{
	"frame": {"x":1037,"y":4,"w":296,"h":391},
	"rotated": false,
	"trimmed": false,
	"spriteSourceSize": {"x":0,"y":0,"w":296,"h":391},
	"sourceSize": {"w":296,"h":391},
	"pivot": {"x":0.5,"y":0.5}
},
"jake-win.png":
{
	"frame": {"x":571,"y":922,"w":500,"h":521},
	"rotated": false,
	"trimmed": false,
	"spriteSourceSize": {"x":0,"y":0,"w":500,"h":521},
	"sourceSize": {"w":500,"h":521},
	"pivot": {"x":0.5,"y":0.5}
},
"marceline-win.png":
{
	"frame": {"x":4,"y":922,"w":298,"h":500},
	"rotated": false,
	"trimmed": false,
	"spriteSourceSize": {"x":0,"y":0,"w":298,"h":500},
	"sourceSize": {"w":298,"h":500},
	"pivot": {"x":0.5,"y":0.5}
},
"moredecai-win.png":
{
	"frame": {"x":1405,"y":413,"w":193,"h":500},
	"rotated": false,
	"trimmed": false,
	"spriteSourceSize": {"x":0,"y":0,"w":193,"h":500},
	"sourceSize": {"w":193,"h":500},
	"pivot": {"x":0.5,"y":0.5}
},
"onion.png":
{
	"frame": {"x":728,"y":4,"w":300,"h":300},
	"rotated": false,
	"trimmed": false,
	"spriteSourceSize": {"x":0,"y":0,"w":300,"h":300},
	"sourceSize": {"w":300,"h":300},
	"pivot": {"x":0.5,"y":0.5}
},
"onion2.png":
{
	"frame": {"x":364,"y":4,"w":89,"h":100},
	"rotated": false,
	"trimmed": false,
	"spriteSourceSize": {"x":0,"y":0,"w":89,"h":100},
	"sourceSize": {"w":89,"h":100},
	"pivot": {"x":0.5,"y":0.5}
},
"particleMini.png":
{
	"frame": {"x":4,"y":4,"w":32,"h":32},
	"rotated": false,
	"trimmed": false,
	"spriteSourceSize": {"x":0,"y":0,"w":32,"h":32},
	"sourceSize": {"w":32,"h":32},
	"pivot": {"x":0.5,"y":0.5}
},
"rigby-win.png":
{
	"frame": {"x":311,"y":922,"w":251,"h":500},
	"rotated": false,
	"trimmed": false,
	"spriteSourceSize": {"x":0,"y":0,"w":251,"h":500},
	"sourceSize": {"w":251,"h":500},
	"pivot": {"x":0.5,"y":0.5}
},
"ringDisplaceMap.jpg":
{
	"frame": {"x":462,"y":4,"w":257,"h":256},
	"rotated": false,
	"trimmed": false,
	"spriteSourceSize": {"x":0,"y":0,"w":257,"h":256},
	"sourceSize": {"w":257,"h":256},
	"pivot": {"x":0.5,"y":0.5}
},
"torcida.jpg":
{
	"frame": {"x":1080,"y":922,"w":660,"h":1080},
	"rotated": false,
	"trimmed": false,
	"spriteSourceSize": {"x":0,"y":0,"w":660,"h":1080},
	"sourceSize": {"w":660,"h":1080},
	"pivot": {"x":0.5,"y":0.5}
}},
"meta": {
	"app": "http://www.codeandweb.com/texturepacker",
	"version": "1.0",
	"image": "game.png",
	"format": "RGBA8888",
	"size": {"w":1746,"h":2006},
	"scale": "1",
	"smartupdate": "$TexturePacker:SmartUpdate:3010565eedaebfb030899e5133e92472:3c09d04ec686d3f1ab66066d72749d00:fc2835210f98bae8e8c1b7f0a84c9321$"
}
}
