{"frames": {

"ball.png":
{
	"frame": {"x":45,"y":4,"w":78,"h":79},
	"rotated": false,
	"trimmed": false,
	"spriteSourceSize": {"x":0,"y":0,"w":78,"h":79},
	"sourceSize": {"w":78,"h":79},
	"pivot": {"x":0.5,"y":0.5}
},
"barreira.png":
{
	"frame": {"x":413,"y":1200,"w":228,"h":400},
	"rotated": false,
	"trimmed": false,
	"spriteSourceSize": {"x":0,"y":0,"w":228,"h":400},
	"sourceSize": {"w":228,"h":400},
	"pivot": {"x":0.5,"y":0.5}
},
"big-button-over.png":
{
	"frame": {"x":132,"y":4,"w":107,"h":90},
	"rotated": false,
	"trimmed": false,
	"spriteSourceSize": {"x":0,"y":0,"w":107,"h":90},
	"sourceSize": {"w":107,"h":90},
	"pivot": {"x":0.5,"y":0.5}
},
"big-button-up - Copy.png":
{
	"frame": {"x":248,"y":4,"w":107,"h":90},
	"rotated": false,
	"trimmed": false,
	"spriteSourceSize": {"x":0,"y":0,"w":107,"h":90},
	"sourceSize": {"w":107,"h":90},
	"pivot": {"x":0.5,"y":0.5}
},
"big-button-up.png":
{
	"frame": {"x":364,"y":4,"w":92,"h":92},
	"rotated": false,
	"trimmed": false,
	"spriteSourceSize": {"x":0,"y":0,"w":92,"h":92},
	"sourceSize": {"w":92,"h":92},
	"pivot": {"x":0.5,"y":0.5}
},
"colorado.png":
{
	"frame": {"x":1364,"y":791,"w":533,"h":400},
	"rotated": false,
	"trimmed": false,
	"spriteSourceSize": {"x":0,"y":0,"w":533,"h":400},
	"sourceSize": {"w":533,"h":400},
	"pivot": {"x":0.5,"y":0.5}
},
"grass1.png":
{
	"frame": {"x":4,"y":1200,"w":400,"h":400},
	"rotated": false,
	"trimmed": false,
	"spriteSourceSize": {"x":0,"y":0,"w":400,"h":400},
	"sourceSize": {"w":400,"h":400},
	"pivot": {"x":0.5,"y":0.5}
},
"grass2.png":
{
	"frame": {"x":546,"y":791,"w":400,"h":400},
	"rotated": false,
	"trimmed": false,
	"spriteSourceSize": {"x":0,"y":0,"w":400,"h":400},
	"sourceSize": {"w":400,"h":400},
	"pivot": {"x":0.5,"y":0.5}
},
"grass12.png":
{
	"frame": {"x":955,"y":791,"w":400,"h":400},
	"rotated": false,
	"trimmed": false,
	"spriteSourceSize": {"x":0,"y":0,"w":400,"h":400},
	"sourceSize": {"w":400,"h":400},
	"pivot": {"x":0.5,"y":0.5}
},
"grass22.png":
{
	"frame": {"x":1335,"y":382,"w":400,"h":400},
	"rotated": false,
	"trimmed": false,
	"spriteSourceSize": {"x":0,"y":0,"w":400,"h":400},
	"sourceSize": {"w":400,"h":400},
	"pivot": {"x":0.5,"y":0.5}
},
"gremista.png":
{
	"frame": {"x":4,"y":791,"w":533,"h":400},
	"rotated": false,
	"trimmed": false,
	"spriteSourceSize": {"x":0,"y":0,"w":533,"h":400},
	"sourceSize": {"w":533,"h":400},
	"pivot": {"x":0.5,"y":0.5}
},
"jake-win.png":
{
	"frame": {"x":1217,"y":1200,"w":500,"h":521},
	"rotated": false,
	"trimmed": false,
	"spriteSourceSize": {"x":0,"y":0,"w":500,"h":521},
	"sourceSize": {"w":500,"h":521},
	"pivot": {"x":0.5,"y":0.5}
},
"marceline-win.png":
{
	"frame": {"x":910,"y":1200,"w":298,"h":500},
	"rotated": false,
	"trimmed": false,
	"spriteSourceSize": {"x":0,"y":0,"w":298,"h":500},
	"sourceSize": {"w":298,"h":500},
	"pivot": {"x":0.5,"y":0.5}
},
"onion.png":
{
	"frame": {"x":1026,"y":382,"w":300,"h":300},
	"rotated": false,
	"trimmed": false,
	"spriteSourceSize": {"x":0,"y":0,"w":300,"h":300},
	"sourceSize": {"w":300,"h":300},
	"pivot": {"x":0.5,"y":0.5}
},
"onion2.png":
{
	"frame": {"x":465,"y":4,"w":89,"h":100},
	"rotated": false,
	"trimmed": false,
	"spriteSourceSize": {"x":0,"y":0,"w":89,"h":100},
	"sourceSize": {"w":89,"h":100},
	"pivot": {"x":0.5,"y":0.5}
},
"particleMini.png":
{
	"frame": {"x":4,"y":4,"w":32,"h":32},
	"rotated": false,
	"trimmed": false,
	"spriteSourceSize": {"x":0,"y":0,"w":32,"h":32},
	"sourceSize": {"w":32,"h":32},
	"pivot": {"x":0.5,"y":0.5}
},
"rigby-win.png":
{
	"frame": {"x":650,"y":1200,"w":251,"h":500},
	"rotated": false,
	"trimmed": false,
	"spriteSourceSize": {"x":0,"y":0,"w":251,"h":500},
	"sourceSize": {"w":251,"h":500},
	"pivot": {"x":0.5,"y":0.5}
},
"ringDisplaceMap.jpg":
{
	"frame": {"x":760,"y":382,"w":257,"h":256},
	"rotated": false,
	"trimmed": false,
	"spriteSourceSize": {"x":0,"y":0,"w":257,"h":256},
	"sourceSize": {"w":257,"h":256},
	"pivot": {"x":0.5,"y":0.5}
},
"seriea/atletico_goianiense.png":
{
	"frame": {"x":193,"y":193,"w":180,"h":180},
	"rotated": false,
	"trimmed": false,
	"spriteSourceSize": {"x":0,"y":0,"w":180,"h":180},
	"sourceSize": {"w":180,"h":180},
	"pivot": {"x":0.5,"y":0.5}
},
"seriea/atletico_mineiro.png":
{
	"frame": {"x":1697,"y":4,"w":180,"h":180},
	"rotated": false,
	"trimmed": false,
	"spriteSourceSize": {"x":0,"y":0,"w":180,"h":180},
	"sourceSize": {"w":180,"h":180},
	"pivot": {"x":0.5,"y":0.5}
},
"seriea/atletico_paranaense.png":
{
	"frame": {"x":1508,"y":4,"w":180,"h":180},
	"rotated": false,
	"trimmed": false,
	"spriteSourceSize": {"x":0,"y":0,"w":180,"h":180},
	"sourceSize": {"w":180,"h":180},
	"pivot": {"x":0.5,"y":0.5}
},
"seriea/avai.png":
{
	"frame": {"x":1319,"y":4,"w":180,"h":180},
	"rotated": false,
	"trimmed": false,
	"spriteSourceSize": {"x":0,"y":0,"w":180,"h":180},
	"sourceSize": {"w":180,"h":180},
	"pivot": {"x":0.5,"y":0.5}
},
"seriea/bahia.png":
{
	"frame": {"x":571,"y":193,"w":180,"h":180},
	"rotated": false,
	"trimmed": false,
	"spriteSourceSize": {"x":0,"y":0,"w":180,"h":180},
	"sourceSize": {"w":180,"h":180},
	"pivot": {"x":0.5,"y":0.5}
},
"seriea/botafogo.png":
{
	"frame": {"x":760,"y":193,"w":180,"h":180},
	"rotated": false,
	"trimmed": false,
	"spriteSourceSize": {"x":0,"y":0,"w":180,"h":180},
	"sourceSize": {"w":180,"h":180},
	"pivot": {"x":0.5,"y":0.5}
},
"seriea/chapecoense.png":
{
	"frame": {"x":382,"y":382,"w":180,"h":180},
	"rotated": false,
	"trimmed": false,
	"spriteSourceSize": {"x":0,"y":0,"w":180,"h":180},
	"sourceSize": {"w":180,"h":180},
	"pivot": {"x":0.5,"y":0.5}
},
"seriea/corinthians.png":
{
	"frame": {"x":1516,"y":193,"w":180,"h":180},
	"rotated": false,
	"trimmed": false,
	"spriteSourceSize": {"x":0,"y":0,"w":180,"h":180},
	"sourceSize": {"w":180,"h":180},
	"pivot": {"x":0.5,"y":0.5}
},
"seriea/coritiba.png":
{
	"frame": {"x":1138,"y":193,"w":180,"h":180},
	"rotated": false,
	"trimmed": false,
	"spriteSourceSize": {"x":0,"y":0,"w":180,"h":180},
	"sourceSize": {"w":180,"h":180},
	"pivot": {"x":0.5,"y":0.5}
},
"seriea/cruzeiro.png":
{
	"frame": {"x":1327,"y":193,"w":180,"h":180},
	"rotated": false,
	"trimmed": false,
	"spriteSourceSize": {"x":0,"y":0,"w":180,"h":180},
	"sourceSize": {"w":180,"h":180},
	"pivot": {"x":0.5,"y":0.5}
},
"seriea/flamengo.png":
{
	"frame": {"x":949,"y":193,"w":180,"h":180},
	"rotated": false,
	"trimmed": false,
	"spriteSourceSize": {"x":0,"y":0,"w":180,"h":180},
	"sourceSize": {"w":180,"h":180},
	"pivot": {"x":0.5,"y":0.5}
},
"seriea/fluminense.png":
{
	"frame": {"x":193,"y":382,"w":180,"h":180},
	"rotated": false,
	"trimmed": false,
	"spriteSourceSize": {"x":0,"y":0,"w":180,"h":180},
	"sourceSize": {"w":180,"h":180},
	"pivot": {"x":0.5,"y":0.5}
},
"seriea/gremio.png":
{
	"frame": {"x":571,"y":382,"w":180,"h":180},
	"rotated": false,
	"trimmed": false,
	"spriteSourceSize": {"x":0,"y":0,"w":180,"h":180},
	"sourceSize": {"w":180,"h":180},
	"pivot": {"x":0.5,"y":0.5}
},
"seriea/inter.png":
{
	"frame": {"x":563,"y":4,"w":180,"h":180},
	"rotated": false,
	"trimmed": false,
	"spriteSourceSize": {"x":0,"y":0,"w":180,"h":180},
	"sourceSize": {"w":180,"h":180},
	"pivot": {"x":0.5,"y":0.5}
},
"seriea/palmeiras.png":
{
	"frame": {"x":752,"y":4,"w":180,"h":180},
	"rotated": false,
	"trimmed": false,
	"spriteSourceSize": {"x":0,"y":0,"w":180,"h":180},
	"sourceSize": {"w":180,"h":180},
	"pivot": {"x":0.5,"y":0.5}
},
"seriea/ponte_preta.png":
{
	"frame": {"x":1130,"y":4,"w":180,"h":180},
	"rotated": false,
	"trimmed": false,
	"spriteSourceSize": {"x":0,"y":0,"w":180,"h":180},
	"sourceSize": {"w":180,"h":180},
	"pivot": {"x":0.5,"y":0.5}
},
"seriea/santos.png":
{
	"frame": {"x":941,"y":4,"w":180,"h":180},
	"rotated": false,
	"trimmed": false,
	"spriteSourceSize": {"x":0,"y":0,"w":180,"h":180},
	"sourceSize": {"w":180,"h":180},
	"pivot": {"x":0.5,"y":0.5}
},
"seriea/sao_paulo.png":
{
	"frame": {"x":4,"y":382,"w":180,"h":180},
	"rotated": false,
	"trimmed": false,
	"spriteSourceSize": {"x":0,"y":0,"w":180,"h":180},
	"sourceSize": {"w":180,"h":180},
	"pivot": {"x":0.5,"y":0.5}
},
"seriea/sport.png":
{
	"frame": {"x":382,"y":193,"w":180,"h":180},
	"rotated": false,
	"trimmed": false,
	"spriteSourceSize": {"x":0,"y":0,"w":180,"h":180},
	"sourceSize": {"w":180,"h":180},
	"pivot": {"x":0.5,"y":0.5}
},
"seriea/vasco.png":
{
	"frame": {"x":1705,"y":193,"w":180,"h":180},
	"rotated": false,
	"trimmed": false,
	"spriteSourceSize": {"x":0,"y":0,"w":180,"h":180},
	"sourceSize": {"w":180,"h":180},
	"pivot": {"x":0.5,"y":0.5}
},
"seriea/vitoria.png":
{
	"frame": {"x":4,"y":193,"w":180,"h":180},
	"rotated": false,
	"trimmed": false,
	"spriteSourceSize": {"x":0,"y":0,"w":180,"h":180},
	"sourceSize": {"w":180,"h":180},
	"pivot": {"x":0.5,"y":0.5}
}},
"meta": {
	"app": "http://www.codeandweb.com/texturepacker",
	"version": "1.0",
	"image": "game-0.png",
	"format": "RGBA8888",
	"size": {"w":1901,"h":1725},
	"scale": "1",
	"smartupdate": "$TexturePacker:SmartUpdate:e177beb377376e3a3495a8840c91dba0:2cc28668f2660f3ea0ced639e399f60c:38199ca19f82add9c84e07ddaa08f6e1$"
}
}
