{"frames": {

"players/dead/dead0001.png":
{
	"frame": {"x":1,"y":549,"w":54,"h":161},
	"rotated": false,
	"trimmed": true,
	"spriteSourceSize": {"x":15,"y":0,"w":54,"h":161},
	"sourceSize": {"w":76,"h":197}
},
"players/dead/dead0002.png":
{
	"frame": {"x":1,"y":380,"w":56,"h":167},
	"rotated": false,
	"trimmed": true,
	"spriteSourceSize": {"x":12,"y":4,"w":56,"h":167},
	"sourceSize": {"w":76,"h":197}
},
"players/dead/dead0003.png":
{
	"frame": {"x":1,"y":712,"w":61,"h":153},
	"rotated": false,
	"trimmed": true,
	"spriteSourceSize": {"x":8,"y":25,"w":61,"h":153},
	"sourceSize": {"w":76,"h":197}
},
"players/dead/dead0004.png":
{
	"frame": {"x":1,"y":228,"w":75,"h":150},
	"rotated": false,
	"trimmed": true,
	"spriteSourceSize": {"x":0,"y":40,"w":75,"h":150},
	"sourceSize": {"w":76,"h":197}
},
"players/dead/dead0005.png":
{
	"frame": {"x":193,"y":228,"w":72,"h":113},
	"rotated": false,
	"trimmed": true,
	"spriteSourceSize": {"x":2,"y":79,"w":72,"h":113},
	"sourceSize": {"w":76,"h":197}
},
"players/dead/dead0006.png":
{
	"frame": {"x":805,"y":351,"w":71,"h":95},
	"rotated": false,
	"trimmed": true,
	"spriteSourceSize": {"x":3,"y":98,"w":71,"h":95},
	"sourceSize": {"w":76,"h":197}
},
"players/dead/dead0007.png":
{
	"frame": {"x":1099,"y":653,"w":74,"h":83},
	"rotated": false,
	"trimmed": true,
	"spriteSourceSize": {"x":1,"y":113,"w":74,"h":83},
	"sourceSize": {"w":76,"h":197}
},
"players/dead/dead0008.png":
{
	"frame": {"x":64,"y":784,"w":74,"h":75},
	"rotated": false,
	"trimmed": true,
	"spriteSourceSize": {"x":2,"y":122,"w":74,"h":75},
	"sourceSize": {"w":76,"h":197}
},
"players/dead/dead0009.png":
{
	"frame": {"x":126,"y":1089,"w":74,"h":64},
	"rotated": false,
	"trimmed": true,
	"spriteSourceSize": {"x":2,"y":133,"w":74,"h":64},
	"sourceSize": {"w":76,"h":197}
},
"players/karayo/attack/attackD0001.png":
{
	"frame": {"x":234,"y":114,"w":58,"h":112},
	"rotated": false,
	"trimmed": true,
	"spriteSourceSize": {"x":1,"y":0,"w":58,"h":112},
	"sourceSize": {"w":61,"h":112}
},
"players/karayo/attack/attackD0002.png":
{
	"frame": {"x":557,"y":227,"w":59,"h":112},
	"rotated": false,
	"trimmed": true,
	"spriteSourceSize": {"x":1,"y":0,"w":59,"h":112},
	"sourceSize": {"w":61,"h":112}
},
"players/karayo/attack/attackD0003.png":
{
	"frame": {"x":878,"y":335,"w":61,"h":111},
	"rotated": false,
	"trimmed": true,
	"spriteSourceSize": {"x":0,"y":1,"w":61,"h":111},
	"sourceSize": {"w":61,"h":112}
},
"players/karayo/attack/attackD0004.png":
{
	"frame": {"x":1904,"y":100,"w":50,"h":96},
	"rotated": false,
	"trimmed": true,
	"spriteSourceSize": {"x":9,"y":1,"w":50,"h":96},
	"sourceSize": {"w":61,"h":112}
},
"players/karayo/attack/attackD0005.png":
{
	"frame": {"x":919,"y":118,"w":49,"h":97},
	"rotated": false,
	"trimmed": true,
	"spriteSourceSize": {"x":9,"y":0,"w":49,"h":97},
	"sourceSize": {"w":61,"h":112}
},
"players/karayo/attack/attackD0006.png":
{
	"frame": {"x":1749,"y":374,"w":50,"h":96},
	"rotated": false,
	"trimmed": true,
	"spriteSourceSize": {"x":8,"y":0,"w":50,"h":96},
	"sourceSize": {"w":61,"h":112}
},
"players/karayo/attack/attackD0007.png":
{
	"frame": {"x":1572,"y":574,"w":46,"h":93},
	"rotated": false,
	"trimmed": true,
	"spriteSourceSize": {"x":11,"y":0,"w":46,"h":93},
	"sourceSize": {"w":61,"h":112}
},
"players/karayo/attack/attackD0008.png":
{
	"frame": {"x":1782,"y":647,"w":46,"h":90},
	"rotated": false,
	"trimmed": true,
	"spriteSourceSize": {"x":11,"y":0,"w":46,"h":90},
	"sourceSize": {"w":61,"h":112}
},
"players/karayo/attack/attackL0001.png":
{
	"frame": {"x":921,"y":1,"w":107,"h":112},
	"rotated": false,
	"trimmed": true,
	"spriteSourceSize": {"x":8,"y":0,"w":107,"h":112},
	"sourceSize": {"w":115,"h":112}
},
"players/karayo/attack/attackL0002.png":
{
	"frame": {"x":119,"y":114,"w":113,"h":112},
	"rotated": false,
	"trimmed": true,
	"spriteSourceSize": {"x":2,"y":0,"w":113,"h":112},
	"sourceSize": {"w":115,"h":112}
},
"players/karayo/attack/attackL0003.png":
{
	"frame": {"x":586,"y":1,"w":112,"h":110},
	"rotated": false,
	"trimmed": true,
	"spriteSourceSize": {"x":0,"y":2,"w":112,"h":110},
	"sourceSize": {"w":115,"h":112}
},
"players/karayo/attack/attackL0004.png":
{
	"frame": {"x":267,"y":350,"w":103,"h":96},
	"rotated": false,
	"trimmed": true,
	"spriteSourceSize": {"x":9,"y":2,"w":103,"h":96},
	"sourceSize": {"w":115,"h":112}
},
"players/karayo/attack/attackL0005.png":
{
	"frame": {"x":482,"y":341,"w":104,"h":96},
	"rotated": false,
	"trimmed": true,
	"spriteSourceSize": {"x":7,"y":1,"w":104,"h":96},
	"sourceSize": {"w":115,"h":112}
},
"players/karayo/attack/attackL0006.png":
{
	"frame": {"x":267,"y":448,"w":104,"h":95},
	"rotated": false,
	"trimmed": true,
	"spriteSourceSize": {"x":7,"y":1,"w":104,"h":95},
	"sourceSize": {"w":115,"h":112}
},
"players/karayo/attack/attackL0007.png":
{
	"frame": {"x":864,"y":448,"w":91,"h":92},
	"rotated": false,
	"trimmed": true,
	"spriteSourceSize": {"x":22,"y":0,"w":91,"h":92},
	"sourceSize": {"w":115,"h":112}
},
"players/karayo/attack/attackL0008.png":
{
	"frame": {"x":1956,"y":99,"w":80,"h":86},
	"rotated": false,
	"trimmed": true,
	"spriteSourceSize": {"x":33,"y":0,"w":80,"h":86},
	"sourceSize": {"w":115,"h":112}
},
"players/karayo/attack/attackLD0001.png":
{
	"frame": {"x":267,"y":236,"w":91,"h":112},
	"rotated": false,
	"trimmed": true,
	"spriteSourceSize": {"x":6,"y":0,"w":91,"h":112},
	"sourceSize": {"w":100,"h":112}
},
"players/karayo/attack/attackLD0002.png":
{
	"frame": {"x":618,"y":229,"w":94,"h":112},
	"rotated": false,
	"trimmed": true,
	"spriteSourceSize": {"x":3,"y":0,"w":94,"h":112},
	"sourceSize": {"w":100,"h":112}
},
"players/karayo/attack/attackLD0003.png":
{
	"frame": {"x":468,"y":439,"w":91,"h":111},
	"rotated": false,
	"trimmed": true,
	"spriteSourceSize": {"x":0,"y":1,"w":91,"h":111},
	"sourceSize": {"w":100,"h":112}
},
"players/karayo/attack/attackLD0004.png":
{
	"frame": {"x":1638,"y":99,"w":84,"h":96},
	"rotated": false,
	"trimmed": true,
	"spriteSourceSize": {"x":7,"y":1,"w":84,"h":96},
	"sourceSize": {"w":100,"h":112}
},
"players/karayo/attack/attackLD0005.png":
{
	"frame": {"x":1811,"y":100,"w":91,"h":95},
	"rotated": false,
	"trimmed": true,
	"spriteSourceSize": {"x":9,"y":1,"w":91,"h":95},
	"sourceSize": {"w":100,"h":112}
},
"players/karayo/attack/attackLD0006.png":
{
	"frame": {"x":172,"y":553,"w":96,"h":95},
	"rotated": false,
	"trimmed": true,
	"spriteSourceSize": {"x":4,"y":1,"w":96,"h":95},
	"sourceSize": {"w":100,"h":112}
},
"players/karayo/attack/attackLD0007.png":
{
	"frame": {"x":1492,"y":372,"w":79,"h":92},
	"rotated": false,
	"trimmed": true,
	"spriteSourceSize": {"x":20,"y":0,"w":79,"h":92},
	"sourceSize": {"w":100,"h":112}
},
"players/karayo/attack/attackLD0008.png":
{
	"frame": {"x":1878,"y":198,"w":76,"h":86},
	"rotated": false,
	"trimmed": true,
	"spriteSourceSize": {"x":23,"y":0,"w":76,"h":86},
	"sourceSize": {"w":100,"h":112}
},
"players/karayo/attack/attackLU0001.png":
{
	"frame": {"x":714,"y":229,"w":89,"h":112},
	"rotated": false,
	"trimmed": true,
	"spriteSourceSize": {"x":8,"y":0,"w":89,"h":112},
	"sourceSize": {"w":97,"h":112}
},
"players/karayo/attack/attackLU0002.png":
{
	"frame": {"x":659,"y":115,"w":95,"h":112},
	"rotated": false,
	"trimmed": true,
	"spriteSourceSize": {"x":2,"y":0,"w":95,"h":112},
	"sourceSize": {"w":97,"h":112}
},
"players/karayo/attack/attackLU0003.png":
{
	"frame": {"x":563,"y":115,"w":94,"h":110},
	"rotated": false,
	"trimmed": true,
	"spriteSourceSize": {"x":0,"y":2,"w":94,"h":110},
	"sourceSize": {"w":97,"h":112}
},
"players/karayo/attack/attackLU0004.png":
{
	"frame": {"x":1724,"y":98,"w":85,"h":97},
	"rotated": false,
	"trimmed": true,
	"spriteSourceSize": {"x":9,"y":2,"w":85,"h":97},
	"sourceSize": {"w":97,"h":112}
},
"players/karayo/attack/attackLU0005.png":
{
	"frame": {"x":188,"y":748,"w":82,"h":101},
	"rotated": false,
	"trimmed": true,
	"spriteSourceSize": {"x":7,"y":1,"w":82,"h":101},
	"sourceSize": {"w":97,"h":112}
},
"players/karayo/attack/attackLU0006.png":
{
	"frame": {"x":970,"y":115,"w":82,"h":101},
	"rotated": false,
	"trimmed": true,
	"spriteSourceSize": {"x":7,"y":1,"w":82,"h":101},
	"sourceSize": {"w":97,"h":112}
},
"players/karayo/attack/attackLU0007.png":
{
	"frame": {"x":970,"y":218,"w":77,"h":99},
	"rotated": false,
	"trimmed": true,
	"spriteSourceSize": {"x":17,"y":0,"w":77,"h":99},
	"sourceSize": {"w":97,"h":112}
},
"players/karayo/attack/attackLU0008.png":
{
	"frame": {"x":957,"y":442,"w":76,"h":99},
	"rotated": false,
	"trimmed": true,
	"spriteSourceSize": {"x":18,"y":0,"w":76,"h":99},
	"sourceSize": {"w":97,"h":112}
},
"players/karayo/attack/attackU0001.png":
{
	"frame": {"x":121,"y":861,"w":58,"h":112},
	"rotated": false,
	"trimmed": true,
	"spriteSourceSize": {"x":1,"y":1,"w":58,"h":112},
	"sourceSize": {"w":61,"h":113}
},
"players/karayo/attack/attackU0002.png":
{
	"frame": {"x":126,"y":975,"w":59,"h":112},
	"rotated": false,
	"trimmed": true,
	"spriteSourceSize": {"x":1,"y":1,"w":59,"h":112},
	"sourceSize": {"w":61,"h":113}
},
"players/karayo/attack/attackU0003.png":
{
	"frame": {"x":242,"y":851,"w":61,"h":111},
	"rotated": false,
	"trimmed": true,
	"spriteSourceSize": {"x":0,"y":2,"w":61,"h":111},
	"sourceSize": {"w":61,"h":113}
},
"players/karayo/attack/attackU0004.png":
{
	"frame": {"x":269,"y":650,"w":50,"h":96},
	"rotated": false,
	"trimmed": true,
	"spriteSourceSize": {"x":9,"y":2,"w":50,"h":96},
	"sourceSize": {"w":61,"h":113}
},
"players/karayo/attack/attackU0005.png":
{
	"frame": {"x":1222,"y":118,"w":49,"h":98},
	"rotated": false,
	"trimmed": true,
	"spriteSourceSize": {"x":9,"y":0,"w":49,"h":98},
	"sourceSize": {"w":61,"h":113}
},
"players/karayo/attack/attackU0006.png":
{
	"frame": {"x":1175,"y":753,"w":50,"h":97},
	"rotated": false,
	"trimmed": true,
	"spriteSourceSize": {"x":8,"y":0,"w":50,"h":97},
	"sourceSize": {"w":61,"h":113}
},
"players/karayo/attack/attackU0007.png":
{
	"frame": {"x":1049,"y":218,"w":46,"h":99},
	"rotated": false,
	"trimmed": true,
	"spriteSourceSize": {"x":11,"y":1,"w":46,"h":99},
	"sourceSize": {"w":61,"h":113}
},
"players/karayo/attack/attackU0008.png":
{
	"frame": {"x":1049,"y":218,"w":46,"h":99},
	"rotated": false,
	"trimmed": true,
	"spriteSourceSize": {"x":11,"y":1,"w":46,"h":99},
	"sourceSize": {"w":61,"h":113}
},
"players/karayo/head/headD0001.png":
{
	"frame": {"x":1830,"y":647,"w":46,"h":90},
	"rotated": false,
	"trimmed": false,
	"spriteSourceSize": {"x":0,"y":0,"w":46,"h":90},
	"sourceSize": {"w":46,"h":90}
},
"players/karayo/head/headD0002.png":
{
	"frame": {"x":1643,"y":755,"w":46,"h":90},
	"rotated": false,
	"trimmed": false,
	"spriteSourceSize": {"x":0,"y":0,"w":46,"h":90},
	"sourceSize": {"w":46,"h":90}
},
"players/karayo/head/headD0003.png":
{
	"frame": {"x":1487,"y":940,"w":46,"h":89},
	"rotated": false,
	"trimmed": true,
	"spriteSourceSize": {"x":0,"y":1,"w":46,"h":89},
	"sourceSize": {"w":46,"h":90}
},
"players/karayo/head/headD0004.png":
{
	"frame": {"x":1927,"y":1026,"w":46,"h":89},
	"rotated": false,
	"trimmed": true,
	"spriteSourceSize": {"x":0,"y":1,"w":46,"h":89},
	"sourceSize": {"w":46,"h":90}
},
"players/karayo/head/headD0005.png":
{
	"frame": {"x":1549,"y":1042,"w":46,"h":87},
	"rotated": false,
	"trimmed": true,
	"spriteSourceSize": {"x":0,"y":3,"w":46,"h":87},
	"sourceSize": {"w":46,"h":90}
},
"players/karayo/head/headD0006.png":
{
	"frame": {"x":1597,"y":1055,"w":46,"h":87},
	"rotated": false,
	"trimmed": true,
	"spriteSourceSize": {"x":0,"y":3,"w":46,"h":87},
	"sourceSize": {"w":46,"h":90}
},
"players/karayo/head/headD0007.png":
{
	"frame": {"x":1981,"y":729,"w":45,"h":90},
	"rotated": false,
	"trimmed": true,
	"spriteSourceSize": {"x":0,"y":0,"w":45,"h":90},
	"sourceSize": {"w":46,"h":90}
},
"players/karayo/head/headD0008.png":
{
	"frame": {"x":1981,"y":821,"w":45,"h":90},
	"rotated": false,
	"trimmed": true,
	"spriteSourceSize": {"x":0,"y":0,"w":45,"h":90},
	"sourceSize": {"w":46,"h":90}
},
"players/karayo/head/headL0001.png":
{
	"frame": {"x":452,"y":758,"w":72,"h":86},
	"rotated": false,
	"trimmed": true,
	"spriteSourceSize": {"x":0,"y":0,"w":72,"h":86},
	"sourceSize": {"w":76,"h":86}
},
"players/karayo/head/headL0002.png":
{
	"frame": {"x":526,"y":758,"w":72,"h":86},
	"rotated": false,
	"trimmed": true,
	"spriteSourceSize": {"x":0,"y":0,"w":72,"h":86},
	"sourceSize": {"w":76,"h":86}
},
"players/karayo/head/headL0003.png":
{
	"frame": {"x":1571,"y":669,"w":74,"h":84},
	"rotated": false,
	"trimmed": true,
	"spriteSourceSize": {"x":0,"y":2,"w":74,"h":84},
	"sourceSize": {"w":76,"h":86}
},
"players/karayo/head/headL0004.png":
{
	"frame": {"x":1212,"y":958,"w":74,"h":84},
	"rotated": false,
	"trimmed": true,
	"spriteSourceSize": {"x":0,"y":2,"w":74,"h":84},
	"sourceSize": {"w":76,"h":86}
},
"players/karayo/head/headL0005.png":
{
	"frame": {"x":1333,"y":851,"w":76,"h":85},
	"rotated": false,
	"trimmed": true,
	"spriteSourceSize": {"x":0,"y":1,"w":76,"h":85},
	"sourceSize": {"w":76,"h":86}
},
"players/karayo/head/headL0006.png":
{
	"frame": {"x":1411,"y":853,"w":76,"h":85},
	"rotated": false,
	"trimmed": true,
	"spriteSourceSize": {"x":0,"y":1,"w":76,"h":85},
	"sourceSize": {"w":76,"h":86}
},
"players/karayo/head/headL0007.png":
{
	"frame": {"x":191,"y":343,"w":74,"h":86},
	"rotated": false,
	"trimmed": true,
	"spriteSourceSize": {"x":0,"y":0,"w":74,"h":86},
	"sourceSize": {"w":76,"h":86}
},
"players/karayo/head/headL0008.png":
{
	"frame": {"x":600,"y":758,"w":74,"h":86},
	"rotated": false,
	"trimmed": true,
	"spriteSourceSize": {"x":0,"y":0,"w":74,"h":86},
	"sourceSize": {"w":76,"h":86}
},
"players/karayo/head/headLD0001.png":
{
	"frame": {"x":1411,"y":940,"w":74,"h":86},
	"rotated": false,
	"trimmed": true,
	"spriteSourceSize": {"x":0,"y":0,"w":74,"h":86},
	"sourceSize": {"w":78,"h":86}
},
"players/karayo/head/headLD0002.png":
{
	"frame": {"x":1793,"y":559,"w":74,"h":86},
	"rotated": false,
	"trimmed": true,
	"spriteSourceSize": {"x":0,"y":0,"w":74,"h":86},
	"sourceSize": {"w":78,"h":86}
},
"players/karayo/head/headLD0003.png":
{
	"frame": {"x":1138,"y":852,"w":76,"h":84},
	"rotated": false,
	"trimmed": true,
	"spriteSourceSize": {"x":0,"y":2,"w":76,"h":84},
	"sourceSize": {"w":78,"h":86}
},
"players/karayo/head/headLD0004.png":
{
	"frame": {"x":1134,"y":938,"w":76,"h":84},
	"rotated": false,
	"trimmed": true,
	"spriteSourceSize": {"x":0,"y":2,"w":76,"h":84},
	"sourceSize": {"w":78,"h":86}
},
"players/karayo/head/headLD0005.png":
{
	"frame": {"x":1054,"y":912,"w":78,"h":85},
	"rotated": false,
	"trimmed": true,
	"spriteSourceSize": {"x":0,"y":1,"w":78,"h":85},
	"sourceSize": {"w":78,"h":86}
},
"players/karayo/head/headLD0006.png":
{
	"frame": {"x":1333,"y":588,"w":78,"h":85},
	"rotated": false,
	"trimmed": true,
	"spriteSourceSize": {"x":0,"y":1,"w":78,"h":85},
	"sourceSize": {"w":78,"h":86}
},
"players/karayo/head/headLD0007.png":
{
	"frame": {"x":1333,"y":675,"w":77,"h":86},
	"rotated": false,
	"trimmed": true,
	"spriteSourceSize": {"x":0,"y":0,"w":77,"h":86},
	"sourceSize": {"w":78,"h":86}
},
"players/karayo/head/headLD0008.png":
{
	"frame": {"x":1413,"y":590,"w":77,"h":86},
	"rotated": false,
	"trimmed": true,
	"spriteSourceSize": {"x":0,"y":0,"w":77,"h":86},
	"sourceSize": {"w":78,"h":86}
},
"players/karayo/head/headLU0001.png":
{
	"frame": {"x":1568,"y":755,"w":73,"h":86},
	"rotated": false,
	"trimmed": true,
	"spriteSourceSize": {"x":1,"y":0,"w":73,"h":86},
	"sourceSize": {"w":78,"h":86}
},
"players/karayo/head/headLU0002.png":
{
	"frame": {"x":1492,"y":749,"w":74,"h":86},
	"rotated": false,
	"trimmed": true,
	"spriteSourceSize": {"x":0,"y":0,"w":74,"h":86},
	"sourceSize": {"w":78,"h":86}
},
"players/karayo/head/headLU0003.png":
{
	"frame": {"x":1333,"y":938,"w":76,"h":84},
	"rotated": false,
	"trimmed": true,
	"spriteSourceSize": {"x":0,"y":2,"w":76,"h":84},
	"sourceSize": {"w":78,"h":86}
},
"players/karayo/head/headLU0004.png":
{
	"frame": {"x":1333,"y":938,"w":76,"h":84},
	"rotated": false,
	"trimmed": true,
	"spriteSourceSize": {"x":0,"y":2,"w":76,"h":84},
	"sourceSize": {"w":78,"h":86}
},
"players/karayo/head/headLU0005.png":
{
	"frame": {"x":1492,"y":574,"w":78,"h":85},
	"rotated": false,
	"trimmed": true,
	"spriteSourceSize": {"x":0,"y":1,"w":78,"h":85},
	"sourceSize": {"w":78,"h":86}
},
"players/karayo/head/headLU0006.png":
{
	"frame": {"x":1412,"y":678,"w":78,"h":85},
	"rotated": false,
	"trimmed": true,
	"spriteSourceSize": {"x":0,"y":1,"w":78,"h":85},
	"sourceSize": {"w":78,"h":86}
},
"players/karayo/head/headLU0007.png":
{
	"frame": {"x":1492,"y":661,"w":77,"h":86},
	"rotated": false,
	"trimmed": true,
	"spriteSourceSize": {"x":0,"y":0,"w":77,"h":86},
	"sourceSize": {"w":78,"h":86}
},
"players/karayo/head/headLU0008.png":
{
	"frame": {"x":1704,"y":647,"w":76,"h":86},
	"rotated": false,
	"trimmed": true,
	"spriteSourceSize": {"x":1,"y":0,"w":76,"h":86},
	"sourceSize": {"w":78,"h":86}
},
"players/karayo/head/headU0001.png":
{
	"frame": {"x":1927,"y":934,"w":46,"h":90},
	"rotated": false,
	"trimmed": false,
	"spriteSourceSize": {"x":0,"y":0,"w":46,"h":90},
	"sourceSize": {"w":46,"h":90}
},
"players/karayo/head/headU0002.png":
{
	"frame": {"x":1927,"y":934,"w":46,"h":90},
	"rotated": false,
	"trimmed": false,
	"spriteSourceSize": {"x":0,"y":0,"w":46,"h":90},
	"sourceSize": {"w":46,"h":90}
},
"players/karayo/head/headU0003.png":
{
	"frame": {"x":1243,"y":1044,"w":46,"h":89},
	"rotated": false,
	"trimmed": true,
	"spriteSourceSize": {"x":0,"y":1,"w":46,"h":89},
	"sourceSize": {"w":46,"h":90}
},
"players/karayo/head/headU0004.png":
{
	"frame": {"x":1243,"y":1044,"w":46,"h":89},
	"rotated": false,
	"trimmed": true,
	"spriteSourceSize": {"x":0,"y":1,"w":46,"h":89},
	"sourceSize": {"w":46,"h":90}
},
"players/karayo/head/headU0005.png":
{
	"frame": {"x":1645,"y":1056,"w":46,"h":87},
	"rotated": false,
	"trimmed": true,
	"spriteSourceSize": {"x":0,"y":3,"w":46,"h":87},
	"sourceSize": {"w":46,"h":90}
},
"players/karayo/head/headU0006.png":
{
	"frame": {"x":1645,"y":1056,"w":46,"h":87},
	"rotated": false,
	"trimmed": true,
	"spriteSourceSize": {"x":0,"y":3,"w":46,"h":87},
	"sourceSize": {"w":46,"h":90}
},
"players/karayo/head/headU0007.png":
{
	"frame": {"x":1975,"y":932,"w":45,"h":90},
	"rotated": false,
	"trimmed": true,
	"spriteSourceSize": {"x":0,"y":0,"w":45,"h":90},
	"sourceSize": {"w":46,"h":90}
},
"players/karayo/head/headU0008.png":
{
	"frame": {"x":1975,"y":932,"w":45,"h":90},
	"rotated": false,
	"trimmed": true,
	"spriteSourceSize": {"x":0,"y":0,"w":45,"h":90},
	"sourceSize": {"w":46,"h":90}
},
"players/karayo/idle/idleL.png":
{
	"frame": {"x":334,"y":746,"w":57,"h":102},
	"rotated": false,
	"trimmed": false,
	"spriteSourceSize": {"x":0,"y":0,"w":57,"h":102},
	"sourceSize": {"w":57,"h":102}
},
"players/karayo/idle/idleLD.png":
{
	"frame": {"x":140,"y":759,"w":46,"h":100},
	"rotated": false,
	"trimmed": false,
	"spriteSourceSize": {"x":0,"y":0,"w":46,"h":100},
	"sourceSize": {"w":46,"h":100}
},
"players/karayo/idle/idleLU.png":
{
	"frame": {"x":410,"y":1069,"w":52,"h":100},
	"rotated": false,
	"trimmed": false,
	"spriteSourceSize": {"x":0,"y":0,"w":52,"h":100},
	"sourceSize": {"w":52,"h":100}
},
"players/karayo/run/runL0001.png":
{
	"frame": {"x":1888,"y":476,"w":60,"h":101},
	"rotated": false,
	"trimmed": true,
	"spriteSourceSize": {"x":0,"y":0,"w":60,"h":101},
	"sourceSize": {"w":60,"h":109}
},
"players/karayo/run/runL0002.png":
{
	"frame": {"x":1364,"y":480,"w":59,"h":106},
	"rotated": false,
	"trimmed": true,
	"spriteSourceSize": {"x":0,"y":0,"w":59,"h":106},
	"sourceSize": {"w":60,"h":109}
},
"players/karayo/run/runL0003.png":
{
	"frame": {"x":1168,"y":311,"w":60,"h":109},
	"rotated": false,
	"trimmed": false,
	"spriteSourceSize": {"x":0,"y":0,"w":60,"h":109},
	"sourceSize": {"w":60,"h":109}
},
"players/karayo/run/runL0004.png":
{
	"frame": {"x":1174,"y":422,"w":60,"h":109},
	"rotated": false,
	"trimmed": false,
	"spriteSourceSize": {"x":0,"y":0,"w":60,"h":109},
	"sourceSize": {"w":60,"h":109}
},
"players/karayo/run/runL0005.png":
{
	"frame": {"x":272,"y":748,"w":60,"h":101},
	"rotated": false,
	"trimmed": true,
	"spriteSourceSize": {"x":0,"y":0,"w":60,"h":101},
	"sourceSize": {"w":60,"h":109}
},
"players/karayo/run/runL0006.png":
{
	"frame": {"x":1559,"y":466,"w":59,"h":106},
	"rotated": false,
	"trimmed": true,
	"spriteSourceSize": {"x":0,"y":0,"w":59,"h":106},
	"sourceSize": {"w":60,"h":109}
},
"players/karayo/run/runL0007.png":
{
	"frame": {"x":1303,"y":419,"w":59,"h":109},
	"rotated": false,
	"trimmed": true,
	"spriteSourceSize": {"x":0,"y":0,"w":59,"h":109},
	"sourceSize": {"w":60,"h":109}
},
"players/karayo/run/runL0008.png":
{
	"frame": {"x":1364,"y":369,"w":59,"h":109},
	"rotated": false,
	"trimmed": true,
	"spriteSourceSize": {"x":0,"y":0,"w":59,"h":109},
	"sourceSize": {"w":60,"h":109}
},
"players/karayo/run/runLD0001.png":
{
	"frame": {"x":922,"y":217,"w":46,"h":110},
	"rotated": false,
	"trimmed": false,
	"spriteSourceSize": {"x":0,"y":0,"w":46,"h":110},
	"sourceSize": {"w":46,"h":110}
},
"players/karayo/run/runLD0002.png":
{
	"frame": {"x":1004,"y":319,"w":46,"h":110},
	"rotated": false,
	"trimmed": false,
	"spriteSourceSize": {"x":0,"y":0,"w":46,"h":110},
	"sourceSize": {"w":46,"h":110}
},
"players/karayo/run/runLD0003.png":
{
	"frame": {"x":579,"y":957,"w":46,"h":108},
	"rotated": false,
	"trimmed": true,
	"spriteSourceSize": {"x":0,"y":0,"w":46,"h":108},
	"sourceSize": {"w":46,"h":110}
},
"players/karayo/run/runLD0004.png":
{
	"frame": {"x":753,"y":1063,"w":46,"h":105},
	"rotated": false,
	"trimmed": true,
	"spriteSourceSize": {"x":0,"y":0,"w":46,"h":105},
	"sourceSize": {"w":46,"h":110}
},
"players/karayo/run/runLD0005.png":
{
	"frame": {"x":1035,"y":431,"w":46,"h":110},
	"rotated": false,
	"trimmed": false,
	"spriteSourceSize": {"x":0,"y":0,"w":46,"h":110},
	"sourceSize": {"w":46,"h":110}
},
"players/karayo/run/runLD0006.png":
{
	"frame": {"x":1052,"y":319,"w":46,"h":110},
	"rotated": false,
	"trimmed": false,
	"spriteSourceSize": {"x":0,"y":0,"w":46,"h":110},
	"sourceSize": {"w":46,"h":110}
},
"players/karayo/run/runLD0007.png":
{
	"frame": {"x":604,"y":647,"w":46,"h":108},
	"rotated": false,
	"trimmed": true,
	"spriteSourceSize": {"x":0,"y":0,"w":46,"h":108},
	"sourceSize": {"w":46,"h":110}
},
"players/karayo/run/runLD0008.png":
{
	"frame": {"x":923,"y":819,"w":46,"h":105},
	"rotated": false,
	"trimmed": true,
	"spriteSourceSize": {"x":0,"y":0,"w":46,"h":105},
	"sourceSize": {"w":46,"h":110}
},
"players/karayo/run/runLU0001.png":
{
	"frame": {"x":645,"y":1066,"w":52,"h":101},
	"rotated": false,
	"trimmed": true,
	"spriteSourceSize": {"x":0,"y":0,"w":52,"h":101},
	"sourceSize": {"w":53,"h":109}
},
"players/karayo/run/runLU0002.png":
{
	"frame": {"x":710,"y":631,"w":53,"h":105},
	"rotated": false,
	"trimmed": true,
	"spriteSourceSize": {"x":0,"y":0,"w":53,"h":105},
	"sourceSize": {"w":53,"h":109}
},
"players/karayo/run/runLU0003.png":
{
	"frame": {"x":627,"y":846,"w":53,"h":108},
	"rotated": false,
	"trimmed": true,
	"spriteSourceSize": {"x":0,"y":0,"w":53,"h":108},
	"sourceSize": {"w":53,"h":109}
},
"players/karayo/run/runLU0004.png":
{
	"frame": {"x":756,"y":115,"w":53,"h":109},
	"rotated": false,
	"trimmed": false,
	"spriteSourceSize": {"x":0,"y":0,"w":53,"h":109},
	"sourceSize": {"w":53,"h":109}
},
"players/karayo/run/runLU0005.png":
{
	"frame": {"x":699,"y":1066,"w":52,"h":101},
	"rotated": false,
	"trimmed": true,
	"spriteSourceSize": {"x":0,"y":0,"w":52,"h":101},
	"sourceSize": {"w":53,"h":109}
},
"players/karayo/run/runLU0006.png":
{
	"frame": {"x":732,"y":956,"w":52,"h":105},
	"rotated": false,
	"trimmed": true,
	"spriteSourceSize": {"x":0,"y":0,"w":52,"h":105},
	"sourceSize": {"w":53,"h":109}
},
"players/karayo/run/runLU0007.png":
{
	"frame": {"x":1099,"y":543,"w":52,"h":108},
	"rotated": false,
	"trimmed": true,
	"spriteSourceSize": {"x":0,"y":0,"w":52,"h":108},
	"sourceSize": {"w":53,"h":109}
},
"players/karayo/run/runLU0008.png":
{
	"frame": {"x":410,"y":958,"w":52,"h":109},
	"rotated": false,
	"trimmed": true,
	"spriteSourceSize": {"x":0,"y":0,"w":52,"h":109},
	"sourceSize": {"w":53,"h":109}
},
"players/kasseT/attack/attackD0001.png":
{
	"frame": {"x":66,"y":996,"w":58,"h":123},
	"rotated": false,
	"trimmed": true,
	"spriteSourceSize": {"x":1,"y":0,"w":58,"h":123},
	"sourceSize": {"w":61,"h":123}
},
"players/kasseT/attack/attackD0002.png":
{
	"frame": {"x":805,"y":226,"w":59,"h":123},
	"rotated": false,
	"trimmed": true,
	"spriteSourceSize": {"x":1,"y":0,"w":59,"h":123},
	"sourceSize": {"w":61,"h":123}
},
"players/kasseT/attack/attackD0003.png":
{
	"frame": {"x":294,"y":113,"w":61,"h":121},
	"rotated": false,
	"trimmed": true,
	"spriteSourceSize": {"x":0,"y":2,"w":61,"h":121},
	"sourceSize": {"w":61,"h":123}
},
"players/kasseT/attack/attackD0004.png":
{
	"frame": {"x":734,"y":738,"w":48,"h":106},
	"rotated": false,
	"trimmed": true,
	"spriteSourceSize": {"x":9,"y":2,"w":48,"h":106},
	"sourceSize": {"w":61,"h":123}
},
"players/kasseT/attack/attackD0005.png":
{
	"frame": {"x":1227,"y":752,"w":48,"h":105},
	"rotated": false,
	"trimmed": true,
	"spriteSourceSize": {"x":9,"y":3,"w":48,"h":105},
	"sourceSize": {"w":61,"h":123}
},
"players/kasseT/attack/attackD0006.png":
{
	"frame": {"x":1794,"y":739,"w":50,"h":104},
	"rotated": false,
	"trimmed": true,
	"spriteSourceSize": {"x":8,"y":3,"w":50,"h":104},
	"sourceSize": {"w":61,"h":123}
},
"players/kasseT/attack/attackD0007.png":
{
	"frame": {"x":1288,"y":929,"w":43,"h":104},
	"rotated": false,
	"trimmed": true,
	"spriteSourceSize": {"x":13,"y":0,"w":43,"h":104},
	"sourceSize": {"w":61,"h":123}
},
"players/kasseT/attack/attackD0008.png":
{
	"frame": {"x":321,"y":643,"w":43,"h":101},
	"rotated": false,
	"trimmed": true,
	"spriteSourceSize": {"x":13,"y":0,"w":43,"h":101},
	"sourceSize": {"w":61,"h":123}
},
"players/kasseT/attack/attackL0001.png":
{
	"frame": {"x":472,"y":1,"w":112,"h":112},
	"rotated": false,
	"trimmed": true,
	"spriteSourceSize": {"x":7,"y":0,"w":112,"h":112},
	"sourceSize": {"w":121,"h":112}
},
"players/kasseT/attack/attackL0002.png":
{
	"frame": {"x":1,"y":114,"w":116,"h":112},
	"rotated": false,
	"trimmed": true,
	"spriteSourceSize": {"x":3,"y":0,"w":116,"h":112},
	"sourceSize": {"w":121,"h":112}
},
"players/kasseT/attack/attackL0003.png":
{
	"frame": {"x":1,"y":1,"w":119,"h":111},
	"rotated": false,
	"trimmed": true,
	"spriteSourceSize": {"x":0,"y":1,"w":119,"h":111},
	"sourceSize": {"w":121,"h":112}
},
"players/kasseT/attack/attackL0004.png":
{
	"frame": {"x":1586,"y":1,"w":112,"h":96},
	"rotated": false,
	"trimmed": true,
	"spriteSourceSize": {"x":7,"y":1,"w":112,"h":96},
	"sourceSize": {"w":121,"h":112}
},
"players/kasseT/attack/attackL0005.png":
{
	"frame": {"x":1700,"y":1,"w":112,"h":95},
	"rotated": false,
	"trimmed": true,
	"spriteSourceSize": {"x":9,"y":1,"w":112,"h":95},
	"sourceSize": {"w":121,"h":112}
},
"players/kasseT/attack/attackL0006.png":
{
	"frame": {"x":1350,"y":1,"w":117,"h":95},
	"rotated": false,
	"trimmed": true,
	"spriteSourceSize": {"x":4,"y":1,"w":117,"h":95},
	"sourceSize": {"w":121,"h":112}
},
"players/kasseT/attack/attackL0007.png":
{
	"frame": {"x":763,"y":448,"w":99,"h":92},
	"rotated": false,
	"trimmed": true,
	"spriteSourceSize": {"x":21,"y":0,"w":99,"h":92},
	"sourceSize": {"w":121,"h":112}
},
"players/kasseT/attack/attackL0008.png":
{
	"frame": {"x":1341,"y":193,"w":88,"h":86},
	"rotated": false,
	"trimmed": true,
	"spriteSourceSize": {"x":32,"y":0,"w":88,"h":86},
	"sourceSize": {"w":121,"h":112}
},
"players/kasseT/attack/attackLD0001.png":
{
	"frame": {"x":1139,"y":1,"w":104,"h":115},
	"rotated": false,
	"trimmed": true,
	"spriteSourceSize": {"x":7,"y":0,"w":104,"h":115},
	"sourceSize": {"w":115,"h":115}
},
"players/kasseT/attack/attackLD0002.png":
{
	"frame": {"x":811,"y":1,"w":108,"h":115},
	"rotated": false,
	"trimmed": true,
	"spriteSourceSize": {"x":3,"y":0,"w":108,"h":115},
	"sourceSize": {"w":115,"h":115}
},
"players/kasseT/attack/attackLD0003.png":
{
	"frame": {"x":78,"y":228,"w":113,"h":112},
	"rotated": false,
	"trimmed": true,
	"spriteSourceSize": {"x":0,"y":3,"w":113,"h":112},
	"sourceSize": {"w":115,"h":115}
},
"players/kasseT/attack/attackLD0004.png":
{
	"frame": {"x":811,"y":118,"w":106,"h":97},
	"rotated": false,
	"trimmed": true,
	"spriteSourceSize": {"x":7,"y":3,"w":106,"h":97},
	"sourceSize": {"w":115,"h":115}
},
"players/kasseT/attack/attackLD0005.png":
{
	"frame": {"x":697,"y":343,"w":106,"h":97},
	"rotated": false,
	"trimmed": true,
	"spriteSourceSize": {"x":9,"y":2,"w":106,"h":97},
	"sourceSize": {"w":115,"h":115}
},
"players/kasseT/attack/attackLD0006.png":
{
	"frame": {"x":1814,"y":1,"w":111,"h":97},
	"rotated": false,
	"trimmed": true,
	"spriteSourceSize": {"x":4,"y":2,"w":111,"h":97},
	"sourceSize": {"w":115,"h":115}
},
"players/kasseT/attack/attackLD0007.png":
{
	"frame": {"x":1350,"y":98,"w":94,"h":93},
	"rotated": false,
	"trimmed": true,
	"spriteSourceSize": {"x":21,"y":2,"w":94,"h":93},
	"sourceSize": {"w":115,"h":115}
},
"players/kasseT/attack/attackLD0008.png":
{
	"frame": {"x":1691,"y":285,"w":85,"h":87},
	"rotated": false,
	"trimmed": true,
	"spriteSourceSize": {"x":30,"y":2,"w":85,"h":87},
	"sourceSize": {"w":115,"h":115}
},
"players/kasseT/attack/attackLU0001.png":
{
	"frame": {"x":1245,"y":1,"w":103,"h":112},
	"rotated": false,
	"trimmed": true,
	"spriteSourceSize": {"x":7,"y":0,"w":103,"h":112},
	"sourceSize": {"w":116,"h":112}
},
"players/kasseT/attack/attackLU0002.png":
{
	"frame": {"x":1030,"y":1,"w":107,"h":112},
	"rotated": false,
	"trimmed": true,
	"spriteSourceSize": {"x":3,"y":0,"w":107,"h":112},
	"sourceSize": {"w":116,"h":112}
},
"players/kasseT/attack/attackLU0003.png":
{
	"frame": {"x":240,"y":1,"w":115,"h":110},
	"rotated": false,
	"trimmed": true,
	"spriteSourceSize": {"x":0,"y":2,"w":115,"h":110},
	"sourceSize": {"w":116,"h":112}
},
"players/kasseT/attack/attackLU0004.png":
{
	"frame": {"x":372,"y":341,"w":108,"h":96},
	"rotated": false,
	"trimmed": true,
	"spriteSourceSize": {"x":7,"y":2,"w":108,"h":96},
	"sourceSize": {"w":116,"h":112}
},
"players/kasseT/attack/attackLU0005.png":
{
	"frame": {"x":588,"y":343,"w":107,"h":96},
	"rotated": false,
	"trimmed": true,
	"spriteSourceSize": {"x":9,"y":1,"w":107,"h":96},
	"sourceSize": {"w":116,"h":112}
},
"players/kasseT/attack/attackLU0006.png":
{
	"frame": {"x":78,"y":342,"w":111,"h":95},
	"rotated": false,
	"trimmed": true,
	"spriteSourceSize": {"x":5,"y":1,"w":111,"h":95},
	"sourceSize": {"w":116,"h":112}
},
"players/kasseT/attack/attackLU0007.png":
{
	"frame": {"x":248,"y":1077,"w":92,"h":92},
	"rotated": false,
	"trimmed": true,
	"spriteSourceSize": {"x":21,"y":0,"w":92,"h":92},
	"sourceSize": {"w":116,"h":112}
},
"players/kasseT/attack/attackLU0008.png":
{
	"frame": {"x":1953,"y":453,"w":83,"h":86},
	"rotated": false,
	"trimmed": true,
	"spriteSourceSize": {"x":30,"y":0,"w":83,"h":86},
	"sourceSize": {"w":116,"h":112}
},
"players/kasseT/attack/attackU0001.png":
{
	"frame": {"x":63,"y":867,"w":56,"h":127},
	"rotated": false,
	"trimmed": true,
	"spriteSourceSize": {"x":7,"y":0,"w":56,"h":127},
	"sourceSize": {"w":63,"h":127}
},
"players/kasseT/attack/attackU0002.png":
{
	"frame": {"x":1,"y":867,"w":60,"h":127},
	"rotated": false,
	"trimmed": true,
	"spriteSourceSize": {"x":3,"y":0,"w":60,"h":127},
	"sourceSize": {"w":63,"h":127}
},
"players/kasseT/attack/attackU0003.png":
{
	"frame": {"x":1,"y":996,"w":63,"h":126},
	"rotated": false,
	"trimmed": true,
	"spriteSourceSize": {"x":0,"y":1,"w":63,"h":126},
	"sourceSize": {"w":63,"h":127}
},
"players/kasseT/attack/attackU0004.png":
{
	"frame": {"x":248,"y":964,"w":56,"h":111},
	"rotated": false,
	"trimmed": true,
	"spriteSourceSize": {"x":7,"y":1,"w":56,"h":111},
	"sourceSize": {"w":63,"h":127}
},
"players/kasseT/attack/attackU0005.png":
{
	"frame": {"x":117,"y":536,"w":53,"h":109},
	"rotated": false,
	"trimmed": true,
	"spriteSourceSize": {"x":9,"y":2,"w":53,"h":109},
	"sourceSize": {"w":63,"h":127}
},
"players/kasseT/attack/attackU0006.png":
{
	"frame": {"x":452,"y":647,"w":54,"h":109},
	"rotated": false,
	"trimmed": true,
	"spriteSourceSize": {"x":4,"y":2,"w":54,"h":109},
	"sourceSize": {"w":63,"h":127}
},
"players/kasseT/attack/attackU0007.png":
{
	"frame": {"x":1175,"y":644,"w":47,"h":107},
	"rotated": false,
	"trimmed": true,
	"spriteSourceSize": {"x":13,"y":0,"w":47,"h":107},
	"sourceSize": {"w":63,"h":127}
},
"players/kasseT/attack/attackU0008.png":
{
	"frame": {"x":1846,"y":739,"w":43,"h":104},
	"rotated": false,
	"trimmed": true,
	"spriteSourceSize": {"x":13,"y":0,"w":43,"h":104},
	"sourceSize": {"w":63,"h":127}
},
"players/kasseT/head/headD0001.png":
{
	"frame": {"x":1846,"y":845,"w":43,"h":101},
	"rotated": false,
	"trimmed": false,
	"spriteSourceSize": {"x":0,"y":0,"w":43,"h":101},
	"sourceSize": {"w":43,"h":101}
},
"players/kasseT/head/headD0002.png":
{
	"frame": {"x":1692,"y":953,"w":43,"h":101},
	"rotated": false,
	"trimmed": false,
	"spriteSourceSize": {"x":0,"y":0,"w":43,"h":101},
	"sourceSize": {"w":43,"h":101}
},
"players/kasseT/head/headD0003.png":
{
	"frame": {"x":1882,"y":948,"w":43,"h":100},
	"rotated": false,
	"trimmed": true,
	"spriteSourceSize": {"x":0,"y":1,"w":43,"h":100},
	"sourceSize": {"w":43,"h":101}
},
"players/kasseT/head/headD0004.png":
{
	"frame": {"x":1878,"y":628,"w":43,"h":100},
	"rotated": false,
	"trimmed": true,
	"spriteSourceSize": {"x":0,"y":1,"w":43,"h":100},
	"sourceSize": {"w":43,"h":101}
},
"players/kasseT/head/headD0005.png":
{
	"frame": {"x":1968,"y":628,"w":43,"h":99},
	"rotated": false,
	"trimmed": true,
	"spriteSourceSize": {"x":0,"y":2,"w":43,"h":99},
	"sourceSize": {"w":43,"h":101}
},
"players/kasseT/head/headD0006.png":
{
	"frame": {"x":1936,"y":730,"w":43,"h":99},
	"rotated": false,
	"trimmed": true,
	"spriteSourceSize": {"x":0,"y":2,"w":43,"h":99},
	"sourceSize": {"w":43,"h":101}
},
"players/kasseT/head/headD0007.png":
{
	"frame": {"x":1785,"y":948,"w":43,"h":101},
	"rotated": false,
	"trimmed": false,
	"spriteSourceSize": {"x":0,"y":0,"w":43,"h":101},
	"sourceSize": {"w":43,"h":101}
},
"players/kasseT/head/headD0008.png":
{
	"frame": {"x":801,"y":1057,"w":43,"h":101},
	"rotated": false,
	"trimmed": false,
	"spriteSourceSize": {"x":0,"y":0,"w":43,"h":101},
	"sourceSize": {"w":43,"h":101}
},
"players/kasseT/head/headL0001.png":
{
	"frame": {"x":1515,"y":284,"w":86,"h":86},
	"rotated": false,
	"trimmed": true,
	"spriteSourceSize": {"x":0,"y":0,"w":86,"h":86},
	"sourceSize": {"w":88,"h":86}
},
"players/kasseT/head/headL0002.png":
{
	"frame": {"x":1603,"y":285,"w":86,"h":86},
	"rotated": false,
	"trimmed": true,
	"spriteSourceSize": {"x":0,"y":0,"w":86,"h":86},
	"sourceSize": {"w":88,"h":86}
},
"players/kasseT/head/headL0003.png":
{
	"frame": {"x":1866,"y":286,"w":86,"h":84},
	"rotated": false,
	"trimmed": true,
	"spriteSourceSize": {"x":0,"y":2,"w":86,"h":84},
	"sourceSize": {"w":88,"h":86}
},
"players/kasseT/head/headL0004.png":
{
	"frame": {"x":1661,"y":374,"w":86,"h":84},
	"rotated": false,
	"trimmed": true,
	"spriteSourceSize": {"x":0,"y":2,"w":86,"h":84},
	"sourceSize": {"w":88,"h":86}
},
"players/kasseT/head/headL0005.png":
{
	"frame": {"x":1431,"y":196,"w":88,"h":85},
	"rotated": false,
	"trimmed": true,
	"spriteSourceSize": {"x":0,"y":1,"w":88,"h":85},
	"sourceSize": {"w":88,"h":86}
},
"players/kasseT/head/headL0006.png":
{
	"frame": {"x":1521,"y":197,"w":88,"h":85},
	"rotated": false,
	"trimmed": true,
	"spriteSourceSize": {"x":0,"y":1,"w":88,"h":85},
	"sourceSize": {"w":88,"h":86}
},
"players/kasseT/head/headL0007.png":
{
	"frame": {"x":1611,"y":197,"w":87,"h":86},
	"rotated": false,
	"trimmed": true,
	"spriteSourceSize": {"x":0,"y":0,"w":87,"h":86},
	"sourceSize": {"w":88,"h":86}
},
"players/kasseT/head/headL0008.png":
{
	"frame": {"x":1700,"y":197,"w":87,"h":86},
	"rotated": false,
	"trimmed": true,
	"spriteSourceSize": {"x":0,"y":0,"w":87,"h":86},
	"sourceSize": {"w":88,"h":86}
},
"players/kasseT/head/headLD0001.png":
{
	"frame": {"x":1954,"y":363,"w":82,"h":88},
	"rotated": false,
	"trimmed": true,
	"spriteSourceSize": {"x":1,"y":0,"w":82,"h":88},
	"sourceSize": {"w":87,"h":88}
},
"players/kasseT/head/headLD0002.png":
{
	"frame": {"x":1230,"y":329,"w":83,"h":88},
	"rotated": false,
	"trimmed": true,
	"spriteSourceSize": {"x":0,"y":0,"w":83,"h":88},
	"sourceSize": {"w":87,"h":88}
},
"players/kasseT/head/headLD0003.png":
{
	"frame": {"x":1801,"y":460,"w":85,"h":85},
	"rotated": false,
	"trimmed": true,
	"spriteSourceSize": {"x":0,"y":3,"w":85,"h":85},
	"sourceSize": {"w":87,"h":88}
},
"players/kasseT/head/headLD0004.png":
{
	"frame": {"x":1708,"y":472,"w":85,"h":85},
	"rotated": false,
	"trimmed": true,
	"spriteSourceSize": {"x":0,"y":3,"w":85,"h":85},
	"sourceSize": {"w":87,"h":88}
},
"players/kasseT/head/headLD0005.png":
{
	"frame": {"x":1789,"y":197,"w":87,"h":86},
	"rotated": false,
	"trimmed": true,
	"spriteSourceSize": {"x":0,"y":2,"w":87,"h":86},
	"sourceSize": {"w":87,"h":88}
},
"players/kasseT/head/headLD0006.png":
{
	"frame": {"x":1181,"y":218,"w":87,"h":86},
	"rotated": false,
	"trimmed": true,
	"spriteSourceSize": {"x":0,"y":2,"w":87,"h":86},
	"sourceSize": {"w":87,"h":88}
},
"players/kasseT/head/headLD0007.png":
{
	"frame": {"x":1337,"y":281,"w":87,"h":86},
	"rotated": false,
	"trimmed": true,
	"spriteSourceSize": {"x":0,"y":2,"w":87,"h":86},
	"sourceSize": {"w":87,"h":88}
},
"players/kasseT/head/headLD0008.png":
{
	"frame": {"x":1426,"y":283,"w":87,"h":86},
	"rotated": false,
	"trimmed": true,
	"spriteSourceSize": {"x":0,"y":2,"w":87,"h":86},
	"sourceSize": {"w":87,"h":88}
},
"players/kasseT/head/headLU0001.png":
{
	"frame": {"x":1956,"y":187,"w":80,"h":86},
	"rotated": false,
	"trimmed": true,
	"spriteSourceSize": {"x":0,"y":0,"w":80,"h":86},
	"sourceSize": {"w":86,"h":86}
},
"players/kasseT/head/headLU0002.png":
{
	"frame": {"x":1956,"y":275,"w":80,"h":86},
	"rotated": false,
	"trimmed": true,
	"spriteSourceSize": {"x":0,"y":0,"w":80,"h":86},
	"sourceSize": {"w":86,"h":86}
},
"players/kasseT/head/headLU0003.png":
{
	"frame": {"x":1620,"y":547,"w":85,"h":84},
	"rotated": false,
	"trimmed": true,
	"spriteSourceSize": {"x":0,"y":2,"w":85,"h":84},
	"sourceSize": {"w":86,"h":86}
},
"players/kasseT/head/headLU0004.png":
{
	"frame": {"x":1620,"y":547,"w":85,"h":84},
	"rotated": false,
	"trimmed": true,
	"spriteSourceSize": {"x":0,"y":2,"w":85,"h":84},
	"sourceSize": {"w":86,"h":86}
},
"players/kasseT/head/headLU0005.png":
{
	"frame": {"x":1778,"y":285,"w":86,"h":85},
	"rotated": false,
	"trimmed": true,
	"spriteSourceSize": {"x":0,"y":1,"w":86,"h":85},
	"sourceSize": {"w":86,"h":86}
},
"players/kasseT/head/headLU0006.png":
{
	"frame": {"x":1573,"y":373,"w":86,"h":85},
	"rotated": false,
	"trimmed": true,
	"spriteSourceSize": {"x":0,"y":1,"w":86,"h":85},
	"sourceSize": {"w":86,"h":86}
},
"players/kasseT/head/headLU0007.png":
{
	"frame": {"x":627,"y":539,"w":83,"h":86},
	"rotated": false,
	"trimmed": true,
	"spriteSourceSize": {"x":0,"y":0,"w":83,"h":86},
	"sourceSize": {"w":86,"h":86}
},
"players/kasseT/head/headLU0008.png":
{
	"frame": {"x":763,"y":542,"w":83,"h":86},
	"rotated": false,
	"trimmed": true,
	"spriteSourceSize": {"x":0,"y":0,"w":83,"h":86},
	"sourceSize": {"w":86,"h":86}
},
"players/kasseT/head/headU0001.png":
{
	"frame": {"x":846,"y":1057,"w":43,"h":101},
	"rotated": false,
	"trimmed": false,
	"spriteSourceSize": {"x":0,"y":0,"w":43,"h":101},
	"sourceSize": {"w":43,"h":101}
},
"players/kasseT/head/headU0002.png":
{
	"frame": {"x":846,"y":1057,"w":43,"h":101},
	"rotated": false,
	"trimmed": false,
	"spriteSourceSize": {"x":0,"y":0,"w":43,"h":101},
	"sourceSize": {"w":43,"h":101}
},
"players/kasseT/head/headU0003.png":
{
	"frame": {"x":1891,"y":730,"w":43,"h":100},
	"rotated": false,
	"trimmed": true,
	"spriteSourceSize": {"x":0,"y":1,"w":43,"h":100},
	"sourceSize": {"w":43,"h":101}
},
"players/kasseT/head/headU0004.png":
{
	"frame": {"x":1891,"y":730,"w":43,"h":100},
	"rotated": false,
	"trimmed": true,
	"spriteSourceSize": {"x":0,"y":1,"w":43,"h":100},
	"sourceSize": {"w":43,"h":101}
},
"players/kasseT/head/headU0005.png":
{
	"frame": {"x":1936,"y":831,"w":43,"h":99},
	"rotated": false,
	"trimmed": true,
	"spriteSourceSize": {"x":0,"y":2,"w":43,"h":99},
	"sourceSize": {"w":43,"h":101}
},
"players/kasseT/head/headU0006.png":
{
	"frame": {"x":1936,"y":831,"w":43,"h":99},
	"rotated": false,
	"trimmed": true,
	"spriteSourceSize": {"x":0,"y":2,"w":43,"h":99},
	"sourceSize": {"w":43,"h":101}
},
"players/kasseT/head/headU0007.png":
{
	"frame": {"x":939,"y":1013,"w":43,"h":101},
	"rotated": false,
	"trimmed": false,
	"spriteSourceSize": {"x":0,"y":0,"w":43,"h":101},
	"sourceSize": {"w":43,"h":101}
},
"players/kasseT/head/headU0008.png":
{
	"frame": {"x":939,"y":1013,"w":43,"h":101},
	"rotated": false,
	"trimmed": false,
	"spriteSourceSize": {"x":0,"y":0,"w":43,"h":101},
	"sourceSize": {"w":43,"h":101}
},
"players/kasseT/idle/idleL.png":
{
	"frame": {"x":590,"y":1067,"w":53,"h":102},
	"rotated": false,
	"trimmed": false,
	"spriteSourceSize": {"x":0,"y":0,"w":53,"h":102},
	"sourceSize": {"w":53,"h":102}
},
"players/kasseT/idle/idleLD.png":
{
	"frame": {"x":1891,"y":832,"w":43,"h":100},
	"rotated": false,
	"trimmed": false,
	"spriteSourceSize": {"x":0,"y":0,"w":43,"h":100},
	"sourceSize": {"w":43,"h":100}
},
"players/kasseT/idle/idleLU.png":
{
	"frame": {"x":984,"y":980,"w":45,"h":100},
	"rotated": false,
	"trimmed": false,
	"spriteSourceSize": {"x":0,"y":0,"w":45,"h":100},
	"sourceSize": {"w":45,"h":100}
},
"players/kasseT/run/runL0001.png":
{
	"frame": {"x":531,"y":1068,"w":57,"h":101},
	"rotated": false,
	"trimmed": true,
	"spriteSourceSize": {"x":0,"y":0,"w":57,"h":101},
	"sourceSize": {"w":57,"h":109}
},
"players/kasseT/run/runL0002.png":
{
	"frame": {"x":652,"y":627,"w":56,"h":106},
	"rotated": false,
	"trimmed": true,
	"spriteSourceSize": {"x":0,"y":0,"w":56,"h":106},
	"sourceSize": {"w":57,"h":109}
},
"players/kasseT/run/runL0003.png":
{
	"frame": {"x":393,"y":735,"w":57,"h":109},
	"rotated": false,
	"trimmed": false,
	"spriteSourceSize": {"x":0,"y":0,"w":57,"h":109},
	"sourceSize": {"w":57,"h":109}
},
"players/kasseT/run/runL0004.png":
{
	"frame": {"x":454,"y":846,"w":57,"h":109},
	"rotated": false,
	"trimmed": false,
	"spriteSourceSize": {"x":0,"y":0,"w":57,"h":109},
	"sourceSize": {"w":57,"h":109}
},
"players/kasseT/run/runL0005.png":
{
	"frame": {"x":868,"y":716,"w":57,"h":101},
	"rotated": false,
	"trimmed": true,
	"spriteSourceSize": {"x":0,"y":0,"w":57,"h":101},
	"sourceSize": {"w":57,"h":109}
},
"players/kasseT/run/runL0006.png":
{
	"frame": {"x":676,"y":738,"w":56,"h":106},
	"rotated": false,
	"trimmed": true,
	"spriteSourceSize": {"x":0,"y":0,"w":56,"h":106},
	"sourceSize": {"w":57,"h":109}
},
"players/kasseT/run/runL0007.png":
{
	"frame": {"x":464,"y":957,"w":56,"h":109},
	"rotated": false,
	"trimmed": true,
	"spriteSourceSize": {"x":0,"y":0,"w":56,"h":109},
	"sourceSize": {"w":57,"h":109}
},
"players/kasseT/run/runL0008.png":
{
	"frame": {"x":513,"y":846,"w":56,"h":109},
	"rotated": false,
	"trimmed": true,
	"spriteSourceSize": {"x":0,"y":0,"w":56,"h":109},
	"sourceSize": {"w":57,"h":109}
},
"players/kasseT/run/runLD.png":
{
	"frame": {"x":1923,"y":628,"w":43,"h":100},
	"rotated": false,
	"trimmed": false,
	"spriteSourceSize": {"x":0,"y":0,"w":43,"h":100},
	"sourceSize": {"w":43,"h":100}
},
"players/kasseT/run/runLD0001.png":
{
	"frame": {"x":126,"y":647,"w":44,"h":110},
	"rotated": false,
	"trimmed": true,
	"spriteSourceSize": {"x":0,"y":0,"w":44,"h":110},
	"sourceSize": {"w":47,"h":110}
},
"players/kasseT/run/runLD0002.png":
{
	"frame": {"x":1083,"y":431,"w":44,"h":110},
	"rotated": false,
	"trimmed": true,
	"spriteSourceSize": {"x":0,"y":0,"w":44,"h":110},
	"sourceSize": {"w":47,"h":110}
},
"players/kasseT/run/runLD0003.png":
{
	"frame": {"x":1153,"y":534,"w":43,"h":108},
	"rotated": false,
	"trimmed": true,
	"spriteSourceSize": {"x":0,"y":0,"w":43,"h":108},
	"sourceSize": {"w":47,"h":110}
},
"players/kasseT/run/runLD0004.png":
{
	"frame": {"x":1691,"y":736,"w":47,"h":105},
	"rotated": false,
	"trimmed": true,
	"spriteSourceSize": {"x":0,"y":0,"w":47,"h":105},
	"sourceSize": {"w":47,"h":110}
},
"players/kasseT/run/runLD0005.png":
{
	"frame": {"x":1129,"y":422,"w":43,"h":110},
	"rotated": false,
	"trimmed": true,
	"spriteSourceSize": {"x":0,"y":0,"w":43,"h":110},
	"sourceSize": {"w":47,"h":110}
},
"players/kasseT/run/runLD0006.png":
{
	"frame": {"x":305,"y":851,"w":43,"h":110},
	"rotated": false,
	"trimmed": true,
	"spriteSourceSize": {"x":0,"y":0,"w":43,"h":110},
	"sourceSize": {"w":47,"h":110}
},
"players/kasseT/run/runLD0007.png":
{
	"frame": {"x":1198,"y":533,"w":43,"h":108},
	"rotated": false,
	"trimmed": true,
	"spriteSourceSize": {"x":0,"y":0,"w":43,"h":108},
	"sourceSize": {"w":47,"h":110}
},
"players/kasseT/run/runLD0008.png":
{
	"frame": {"x":1593,"y":843,"w":47,"h":105},
	"rotated": false,
	"trimmed": true,
	"spriteSourceSize": {"x":0,"y":0,"w":47,"h":105},
	"sourceSize": {"w":47,"h":110}
},
"players/kasseT/run/runLU0001.png":
{
	"frame": {"x":1491,"y":837,"w":46,"h":101},
	"rotated": false,
	"trimmed": true,
	"spriteSourceSize": {"x":0,"y":0,"w":46,"h":101},
	"sourceSize": {"w":46,"h":109}
},
"players/kasseT/run/runLU0002.png":
{
	"frame": {"x":1694,"y":843,"w":46,"h":105},
	"rotated": false,
	"trimmed": true,
	"spriteSourceSize": {"x":0,"y":0,"w":46,"h":105},
	"sourceSize": {"w":46,"h":109}
},
"players/kasseT/run/runLU0003.png":
{
	"frame": {"x":684,"y":956,"w":46,"h":108},
	"rotated": false,
	"trimmed": true,
	"spriteSourceSize": {"x":0,"y":0,"w":46,"h":108},
	"sourceSize": {"w":46,"h":109}
},
"players/kasseT/run/runLU0004.png":
{
	"frame": {"x":508,"y":647,"w":46,"h":109},
	"rotated": false,
	"trimmed": false,
	"spriteSourceSize": {"x":0,"y":0,"w":46,"h":109},
	"sourceSize": {"w":46,"h":109}
},
"players/kasseT/run/runLU0005.png":
{
	"frame": {"x":891,"y":1013,"w":46,"h":101},
	"rotated": false,
	"trimmed": true,
	"spriteSourceSize": {"x":0,"y":0,"w":46,"h":101},
	"sourceSize": {"w":46,"h":109}
},
"players/kasseT/run/runLU0006.png":
{
	"frame": {"x":1737,"y":950,"w":46,"h":105},
	"rotated": false,
	"trimmed": true,
	"spriteSourceSize": {"x":0,"y":0,"w":46,"h":105},
	"sourceSize": {"w":46,"h":109}
},
"players/kasseT/run/runLU0007.png":
{
	"frame": {"x":738,"y":846,"w":46,"h":108},
	"rotated": false,
	"trimmed": true,
	"spriteSourceSize": {"x":0,"y":0,"w":46,"h":108},
	"sourceSize": {"w":46,"h":109}
},
"players/kasseT/run/runLU0008.png":
{
	"frame": {"x":556,"y":647,"w":46,"h":109},
	"rotated": false,
	"trimmed": false,
	"spriteSourceSize": {"x":0,"y":0,"w":46,"h":109},
	"sourceSize": {"w":46,"h":109}
},
"players/pyrok/attack/attackD0001.png":
{
	"frame": {"x":181,"y":861,"w":59,"h":112},
	"rotated": false,
	"trimmed": true,
	"spriteSourceSize": {"x":1,"y":0,"w":59,"h":112},
	"sourceSize": {"w":61,"h":112}
},
"players/pyrok/attack/attackD0002.png":
{
	"frame": {"x":187,"y":975,"w":59,"h":112},
	"rotated": false,
	"trimmed": true,
	"spriteSourceSize": {"x":1,"y":0,"w":59,"h":112},
	"sourceSize": {"w":61,"h":112}
},
"players/pyrok/attack/attackD0003.png":
{
	"frame": {"x":941,"y":329,"w":61,"h":111},
	"rotated": false,
	"trimmed": true,
	"spriteSourceSize": {"x":0,"y":1,"w":61,"h":111},
	"sourceSize": {"w":61,"h":112}
},
"players/pyrok/attack/attackD0004.png":
{
	"frame": {"x":1539,"y":843,"w":52,"h":96},
	"rotated": false,
	"trimmed": true,
	"spriteSourceSize": {"x":9,"y":1,"w":52,"h":96},
	"sourceSize": {"w":61,"h":112}
},
"players/pyrok/attack/attackD0005.png":
{
	"frame": {"x":342,"y":1075,"w":52,"h":94},
	"rotated": false,
	"trimmed": true,
	"spriteSourceSize": {"x":9,"y":3,"w":52,"h":94},
	"sourceSize": {"w":61,"h":112}
},
"players/pyrok/attack/attackD0006.png":
{
	"frame": {"x":468,"y":552,"w":53,"h":93},
	"rotated": false,
	"trimmed": true,
	"spriteSourceSize": {"x":8,"y":3,"w":53,"h":93},
	"sourceSize": {"w":61,"h":112}
},
"players/pyrok/attack/attackD0007.png":
{
	"frame": {"x":523,"y":552,"w":50,"h":93},
	"rotated": false,
	"trimmed": true,
	"spriteSourceSize": {"x":9,"y":0,"w":50,"h":93},
	"sourceSize": {"w":61,"h":112}
},
"players/pyrok/attack/attackD0008.png":
{
	"frame": {"x":1588,"y":950,"w":50,"h":90},
	"rotated": false,
	"trimmed": true,
	"spriteSourceSize": {"x":9,"y":0,"w":50,"h":90},
	"sourceSize": {"w":61,"h":112}
},
"players/pyrok/attack/attackL0001.png":
{
	"frame": {"x":700,"y":1,"w":109,"h":112},
	"rotated": false,
	"trimmed": true,
	"spriteSourceSize": {"x":6,"y":0,"w":109,"h":112},
	"sourceSize": {"w":119,"h":112}
},
"players/pyrok/attack/attackL0002.png":
{
	"frame": {"x":357,"y":1,"w":113,"h":112},
	"rotated": false,
	"trimmed": true,
	"spriteSourceSize": {"x":2,"y":0,"w":113,"h":112},
	"sourceSize": {"w":119,"h":112}
},
"players/pyrok/attack/attackL0003.png":
{
	"frame": {"x":122,"y":1,"w":116,"h":111},
	"rotated": false,
	"trimmed": true,
	"spriteSourceSize": {"x":0,"y":1,"w":116,"h":111},
	"sourceSize": {"w":119,"h":112}
},
"players/pyrok/attack/attackL0004.png":
{
	"frame": {"x":1927,"y":1,"w":109,"h":96},
	"rotated": false,
	"trimmed": true,
	"spriteSourceSize": {"x":7,"y":1,"w":109,"h":96},
	"sourceSize": {"w":119,"h":112}
},
"players/pyrok/attack/attackL0005.png":
{
	"frame": {"x":59,"y":439,"w":111,"h":95},
	"rotated": false,
	"trimmed": true,
	"spriteSourceSize": {"x":8,"y":1,"w":111,"h":95},
	"sourceSize": {"w":119,"h":112}
},
"players/pyrok/attack/attackL0006.png":
{
	"frame": {"x":1469,"y":1,"w":115,"h":95},
	"rotated": false,
	"trimmed": true,
	"spriteSourceSize": {"x":4,"y":1,"w":115,"h":95},
	"sourceSize": {"w":119,"h":112}
},
"players/pyrok/attack/attackL0007.png":
{
	"frame": {"x":367,"y":553,"w":97,"h":92},
	"rotated": false,
	"trimmed": true,
	"spriteSourceSize": {"x":20,"y":0,"w":97,"h":92},
	"sourceSize": {"w":119,"h":112}
},
"players/pyrok/attack/attackL0008.png":
{
	"frame": {"x":1801,"y":372,"w":85,"h":86},
	"rotated": false,
	"trimmed": true,
	"spriteSourceSize": {"x":32,"y":0,"w":85,"h":86},
	"sourceSize": {"w":119,"h":112}
},
"players/pyrok/attack/attackLD0001.png":
{
	"frame": {"x":172,"y":439,"w":93,"h":112},
	"rotated": false,
	"trimmed": true,
	"spriteSourceSize": {"x":6,"y":0,"w":93,"h":112},
	"sourceSize": {"w":103,"h":112}
},
"players/pyrok/attack/attackLD0002.png":
{
	"frame": {"x":360,"y":227,"w":97,"h":112},
	"rotated": false,
	"trimmed": true,
	"spriteSourceSize": {"x":2,"y":0,"w":97,"h":112},
	"sourceSize": {"w":103,"h":112}
},
"players/pyrok/attack/attackLD0003.png":
{
	"frame": {"x":357,"y":115,"w":101,"h":110},
	"rotated": false,
	"trimmed": true,
	"spriteSourceSize": {"x":0,"y":2,"w":101,"h":110},
	"sourceSize": {"w":103,"h":112}
},
"players/pyrok/attack/attackLD0004.png":
{
	"frame": {"x":1446,"y":98,"w":94,"h":96},
	"rotated": false,
	"trimmed": true,
	"spriteSourceSize": {"x":7,"y":2,"w":94,"h":96},
	"sourceSize": {"w":103,"h":112}
},
"players/pyrok/attack/attackLD0005.png":
{
	"frame": {"x":270,"y":545,"w":95,"h":96},
	"rotated": false,
	"trimmed": true,
	"spriteSourceSize": {"x":8,"y":1,"w":95,"h":96},
	"sourceSize": {"w":103,"h":112}
},
"players/pyrok/attack/attackLD0006.png":
{
	"frame": {"x":561,"y":441,"w":99,"h":95},
	"rotated": false,
	"trimmed": true,
	"spriteSourceSize": {"x":4,"y":1,"w":99,"h":95},
	"sourceSize": {"w":103,"h":112}
},
"players/pyrok/attack/attackLD0007.png":
{
	"frame": {"x":1097,"y":217,"w":82,"h":92},
	"rotated": false,
	"trimmed": true,
	"spriteSourceSize": {"x":20,"y":0,"w":82,"h":92},
	"sourceSize": {"w":103,"h":112}
},
"players/pyrok/attack/attackLD0008.png":
{
	"frame": {"x":1016,"y":543,"w":81,"h":86},
	"rotated": false,
	"trimmed": true,
	"spriteSourceSize": {"x":21,"y":0,"w":81,"h":86},
	"sourceSize": {"w":103,"h":112}
},
"players/pyrok/attack/attackLU0001.png":
{
	"frame": {"x":373,"y":439,"w":93,"h":112},
	"rotated": false,
	"trimmed": true,
	"spriteSourceSize": {"x":6,"y":0,"w":93,"h":112},
	"sourceSize": {"w":103,"h":112}
},
"players/pyrok/attack/attackLU0002.png":
{
	"frame": {"x":459,"y":227,"w":96,"h":112},
	"rotated": false,
	"trimmed": true,
	"spriteSourceSize": {"x":3,"y":0,"w":96,"h":112},
	"sourceSize": {"w":103,"h":112}
},
"players/pyrok/attack/attackLU0003.png":
{
	"frame": {"x":460,"y":115,"w":101,"h":110},
	"rotated": false,
	"trimmed": true,
	"spriteSourceSize": {"x":0,"y":2,"w":101,"h":110},
	"sourceSize": {"w":103,"h":112}
},
"players/pyrok/attack/attackLU0004.png":
{
	"frame": {"x":1542,"y":99,"w":94,"h":96},
	"rotated": false,
	"trimmed": true,
	"spriteSourceSize": {"x":7,"y":2,"w":94,"h":96},
	"sourceSize": {"w":103,"h":112}
},
"players/pyrok/attack/attackLU0005.png":
{
	"frame": {"x":172,"y":650,"w":95,"h":96},
	"rotated": false,
	"trimmed": true,
	"spriteSourceSize": {"x":8,"y":1,"w":95,"h":96},
	"sourceSize": {"w":103,"h":112}
},
"players/pyrok/attack/attackLU0006.png":
{
	"frame": {"x":662,"y":442,"w":99,"h":95},
	"rotated": false,
	"trimmed": true,
	"spriteSourceSize": {"x":4,"y":1,"w":99,"h":95},
	"sourceSize": {"w":103,"h":112}
},
"players/pyrok/attack/attackLU0007.png":
{
	"frame": {"x":1054,"y":115,"w":82,"h":97},
	"rotated": false,
	"trimmed": true,
	"spriteSourceSize": {"x":20,"y":0,"w":82,"h":97},
	"sourceSize": {"w":103,"h":112}
},
"players/pyrok/attack/attackLU0008.png":
{
	"frame": {"x":1138,"y":118,"w":82,"h":97},
	"rotated": false,
	"trimmed": true,
	"spriteSourceSize": {"x":20,"y":0,"w":82,"h":97},
	"sourceSize": {"w":103,"h":112}
},
"players/pyrok/attack/attackU0001.png":
{
	"frame": {"x":866,"y":217,"w":54,"h":116},
	"rotated": false,
	"trimmed": true,
	"spriteSourceSize": {"x":6,"y":0,"w":54,"h":116},
	"sourceSize": {"w":60,"h":116}
},
"players/pyrok/attack/attackU0002.png":
{
	"frame": {"x":57,"y":549,"w":58,"h":116},
	"rotated": false,
	"trimmed": true,
	"spriteSourceSize": {"x":2,"y":0,"w":58,"h":116},
	"sourceSize": {"w":60,"h":116}
},
"players/pyrok/attack/attackU0003.png":
{
	"frame": {"x":64,"y":667,"w":60,"h":115},
	"rotated": false,
	"trimmed": true,
	"spriteSourceSize": {"x":0,"y":1,"w":60,"h":115},
	"sourceSize": {"w":60,"h":116}
},
"players/pyrok/attack/attackU0004.png":
{
	"frame": {"x":1740,"y":739,"w":52,"h":101},
	"rotated": false,
	"trimmed": true,
	"spriteSourceSize": {"x":8,"y":1,"w":52,"h":101},
	"sourceSize": {"w":60,"h":116}
},
"players/pyrok/attack/attackU0005.png":
{
	"frame": {"x":1535,"y":941,"w":51,"h":97},
	"rotated": false,
	"trimmed": true,
	"spriteSourceSize": {"x":8,"y":3,"w":51,"h":97},
	"sourceSize": {"w":60,"h":116}
},
"players/pyrok/attack/attackU0006.png":
{
	"frame": {"x":1216,"y":859,"w":55,"h":97},
	"rotated": false,
	"trimmed": true,
	"spriteSourceSize": {"x":4,"y":3,"w":55,"h":97},
	"sourceSize": {"w":60,"h":116}
},
"players/pyrok/attack/attackU0007.png":
{
	"frame": {"x":1794,"y":845,"w":50,"h":100},
	"rotated": false,
	"trimmed": true,
	"spriteSourceSize": {"x":8,"y":0,"w":50,"h":100},
	"sourceSize": {"w":60,"h":116}
},
"players/pyrok/attack/attackU0008.png":
{
	"frame": {"x":1640,"y":953,"w":50,"h":100},
	"rotated": false,
	"trimmed": true,
	"spriteSourceSize": {"x":8,"y":0,"w":50,"h":100},
	"sourceSize": {"w":60,"h":116}
},
"players/pyrok/head/headD0001.png":
{
	"frame": {"x":1975,"y":1024,"w":50,"h":90},
	"rotated": false,
	"trimmed": false,
	"spriteSourceSize": {"x":0,"y":0,"w":50,"h":90},
	"sourceSize": {"w":50,"h":90}
},
"players/pyrok/head/headD0002.png":
{
	"frame": {"x":1036,"y":1057,"w":50,"h":90},
	"rotated": false,
	"trimmed": false,
	"spriteSourceSize": {"x":0,"y":0,"w":50,"h":90},
	"sourceSize": {"w":50,"h":90}
},
"players/pyrok/head/headD0003.png":
{
	"frame": {"x":1139,"y":1024,"w":50,"h":89},
	"rotated": false,
	"trimmed": true,
	"spriteSourceSize": {"x":0,"y":1,"w":50,"h":89},
	"sourceSize": {"w":50,"h":90}
},
"players/pyrok/head/headD0004.png":
{
	"frame": {"x":1191,"y":1044,"w":50,"h":89},
	"rotated": false,
	"trimmed": true,
	"spriteSourceSize": {"x":0,"y":1,"w":50,"h":89},
	"sourceSize": {"w":50,"h":90}
},
"players/pyrok/head/headD0005.png":
{
	"frame": {"x":984,"y":1082,"w":50,"h":87},
	"rotated": false,
	"trimmed": true,
	"spriteSourceSize": {"x":0,"y":3,"w":50,"h":87},
	"sourceSize": {"w":50,"h":90}
},
"players/pyrok/head/headD0006.png":
{
	"frame": {"x":1394,"y":1028,"w":50,"h":87},
	"rotated": false,
	"trimmed": true,
	"spriteSourceSize": {"x":0,"y":3,"w":50,"h":87},
	"sourceSize": {"w":50,"h":90}
},
"players/pyrok/head/headD0007.png":
{
	"frame": {"x":712,"y":539,"w":49,"h":90},
	"rotated": false,
	"trimmed": true,
	"spriteSourceSize": {"x":0,"y":0,"w":49,"h":90},
	"sourceSize": {"w":50,"h":90}
},
"players/pyrok/head/headD0008.png":
{
	"frame": {"x":1088,"y":1057,"w":49,"h":90},
	"rotated": false,
	"trimmed": true,
	"spriteSourceSize": {"x":0,"y":0,"w":49,"h":90},
	"sourceSize": {"w":50,"h":90}
},
"players/pyrok/head/headL0001.png":
{
	"frame": {"x":848,"y":542,"w":82,"h":86},
	"rotated": false,
	"trimmed": true,
	"spriteSourceSize": {"x":0,"y":0,"w":82,"h":86},
	"sourceSize": {"w":86,"h":86}
},
"players/pyrok/head/headL0002.png":
{
	"frame": {"x":932,"y":543,"w":82,"h":86},
	"rotated": false,
	"trimmed": true,
	"spriteSourceSize": {"x":0,"y":0,"w":82,"h":86},
	"sourceSize": {"w":86,"h":86}
},
"players/pyrok/head/headL0003.png":
{
	"frame": {"x":765,"y":630,"w":83,"h":84},
	"rotated": false,
	"trimmed": true,
	"spriteSourceSize": {"x":0,"y":2,"w":83,"h":84},
	"sourceSize": {"w":86,"h":86}
},
"players/pyrok/head/headL0004.png":
{
	"frame": {"x":932,"y":631,"w":83,"h":84},
	"rotated": false,
	"trimmed": true,
	"spriteSourceSize": {"x":0,"y":2,"w":83,"h":84},
	"sourceSize": {"w":86,"h":86}
},
"players/pyrok/head/headL0005.png":
{
	"frame": {"x":1950,"y":541,"w":86,"h":85},
	"rotated": false,
	"trimmed": true,
	"spriteSourceSize": {"x":0,"y":1,"w":86,"h":85},
	"sourceSize": {"w":86,"h":86}
},
"players/pyrok/head/headL0006.png":
{
	"frame": {"x":1620,"y":460,"w":86,"h":85},
	"rotated": false,
	"trimmed": true,
	"spriteSourceSize": {"x":0,"y":1,"w":86,"h":85},
	"sourceSize": {"w":86,"h":86}
},
"players/pyrok/head/headL0007.png":
{
	"frame": {"x":1707,"y":559,"w":84,"h":86},
	"rotated": false,
	"trimmed": true,
	"spriteSourceSize": {"x":0,"y":0,"w":84,"h":86},
	"sourceSize": {"w":86,"h":86}
},
"players/pyrok/head/headL0008.png":
{
	"frame": {"x":366,"y":647,"w":84,"h":86},
	"rotated": false,
	"trimmed": true,
	"spriteSourceSize": {"x":0,"y":0,"w":84,"h":86},
	"sourceSize": {"w":86,"h":86}
},
"players/pyrok/head/headLD0001.png":
{
	"frame": {"x":1333,"y":763,"w":77,"h":86},
	"rotated": false,
	"trimmed": true,
	"spriteSourceSize": {"x":0,"y":0,"w":77,"h":86},
	"sourceSize": {"w":82,"h":86}
},
"players/pyrok/head/headLD0002.png":
{
	"frame": {"x":1412,"y":765,"w":77,"h":86},
	"rotated": false,
	"trimmed": true,
	"spriteSourceSize": {"x":0,"y":0,"w":77,"h":86},
	"sourceSize": {"w":82,"h":86}
},
"players/pyrok/head/headLD0003.png":
{
	"frame": {"x":850,"y":630,"w":80,"h":84},
	"rotated": false,
	"trimmed": true,
	"spriteSourceSize": {"x":0,"y":2,"w":80,"h":84},
	"sourceSize": {"w":82,"h":86}
},
"players/pyrok/head/headLD0004.png":
{
	"frame": {"x":1017,"y":631,"w":80,"h":84},
	"rotated": false,
	"trimmed": true,
	"spriteSourceSize": {"x":0,"y":2,"w":80,"h":84},
	"sourceSize": {"w":82,"h":86}
},
"players/pyrok/head/headLD0005.png":
{
	"frame": {"x":1243,"y":530,"w":82,"h":85},
	"rotated": false,
	"trimmed": true,
	"spriteSourceSize": {"x":0,"y":1,"w":82,"h":85},
	"sourceSize": {"w":82,"h":86}
},
"players/pyrok/head/headLD0006.png":
{
	"frame": {"x":784,"y":716,"w":82,"h":85},
	"rotated": false,
	"trimmed": true,
	"spriteSourceSize": {"x":0,"y":1,"w":82,"h":85},
	"sourceSize": {"w":82,"h":86}
},
"players/pyrok/head/headLD0007.png":
{
	"frame": {"x":927,"y":717,"w":81,"h":86},
	"rotated": false,
	"trimmed": true,
	"spriteSourceSize": {"x":0,"y":0,"w":81,"h":86},
	"sourceSize": {"w":82,"h":86}
},
"players/pyrok/head/headLD0008.png":
{
	"frame": {"x":1010,"y":717,"w":81,"h":86},
	"rotated": false,
	"trimmed": true,
	"spriteSourceSize": {"x":0,"y":0,"w":81,"h":86},
	"sourceSize": {"w":82,"h":86}
},
"players/pyrok/head/headLU0001.png":
{
	"frame": {"x":786,"y":803,"w":78,"h":86},
	"rotated": false,
	"trimmed": true,
	"spriteSourceSize": {"x":0,"y":0,"w":78,"h":86},
	"sourceSize": {"w":82,"h":86}
},
"players/pyrok/head/headLU0002.png":
{
	"frame": {"x":786,"y":891,"w":78,"h":86},
	"rotated": false,
	"trimmed": true,
	"spriteSourceSize": {"x":0,"y":0,"w":78,"h":86},
	"sourceSize": {"w":82,"h":86}
},
"players/pyrok/head/headLU0003.png":
{
	"frame": {"x":1093,"y":738,"w":80,"h":84},
	"rotated": false,
	"trimmed": true,
	"spriteSourceSize": {"x":0,"y":2,"w":80,"h":84},
	"sourceSize": {"w":82,"h":86}
},
"players/pyrok/head/headLU0004.png":
{
	"frame": {"x":1093,"y":738,"w":80,"h":84},
	"rotated": false,
	"trimmed": true,
	"spriteSourceSize": {"x":0,"y":2,"w":80,"h":84},
	"sourceSize": {"w":82,"h":86}
},
"players/pyrok/head/headLU0005.png":
{
	"frame": {"x":971,"y":805,"w":82,"h":85},
	"rotated": false,
	"trimmed": true,
	"spriteSourceSize": {"x":0,"y":1,"w":82,"h":85},
	"sourceSize": {"w":82,"h":86}
},
"players/pyrok/head/headLU0006.png":
{
	"frame": {"x":866,"y":926,"w":82,"h":85},
	"rotated": false,
	"trimmed": true,
	"spriteSourceSize": {"x":0,"y":1,"w":82,"h":85},
	"sourceSize": {"w":82,"h":86}
},
"players/pyrok/head/headLU0007.png":
{
	"frame": {"x":971,"y":892,"w":81,"h":86},
	"rotated": false,
	"trimmed": true,
	"spriteSourceSize": {"x":0,"y":0,"w":81,"h":86},
	"sourceSize": {"w":82,"h":86}
},
"players/pyrok/head/headLU0008.png":
{
	"frame": {"x":1055,"y":824,"w":81,"h":86},
	"rotated": false,
	"trimmed": true,
	"spriteSourceSize": {"x":0,"y":0,"w":81,"h":86},
	"sourceSize": {"w":82,"h":86}
},
"players/pyrok/head/headU0001.png":
{
	"frame": {"x":1291,"y":1035,"w":49,"h":90},
	"rotated": false,
	"trimmed": true,
	"spriteSourceSize": {"x":0,"y":0,"w":49,"h":90},
	"sourceSize": {"w":50,"h":90}
},
"players/pyrok/head/headU0002.png":
{
	"frame": {"x":1291,"y":1035,"w":49,"h":90},
	"rotated": false,
	"trimmed": true,
	"spriteSourceSize": {"x":0,"y":0,"w":49,"h":90},
	"sourceSize": {"w":50,"h":90}
},
"players/pyrok/head/headU0003.png":
{
	"frame": {"x":1342,"y":1024,"w":50,"h":89},
	"rotated": false,
	"trimmed": true,
	"spriteSourceSize": {"x":0,"y":1,"w":50,"h":89},
	"sourceSize": {"w":50,"h":90}
},
"players/pyrok/head/headU0004.png":
{
	"frame": {"x":1342,"y":1024,"w":50,"h":89},
	"rotated": false,
	"trimmed": true,
	"spriteSourceSize": {"x":0,"y":1,"w":50,"h":89},
	"sourceSize": {"w":50,"h":90}
},
"players/pyrok/head/headU0005.png":
{
	"frame": {"x":1446,"y":1031,"w":50,"h":87},
	"rotated": false,
	"trimmed": true,
	"spriteSourceSize": {"x":0,"y":3,"w":50,"h":87},
	"sourceSize": {"w":50,"h":90}
},
"players/pyrok/head/headU0006.png":
{
	"frame": {"x":1446,"y":1031,"w":50,"h":87},
	"rotated": false,
	"trimmed": true,
	"spriteSourceSize": {"x":0,"y":3,"w":50,"h":87},
	"sourceSize": {"w":50,"h":90}
},
"players/pyrok/head/headU0007.png":
{
	"frame": {"x":1498,"y":1040,"w":49,"h":90},
	"rotated": false,
	"trimmed": true,
	"spriteSourceSize": {"x":0,"y":0,"w":49,"h":90},
	"sourceSize": {"w":50,"h":90}
},
"players/pyrok/head/headU0008.png":
{
	"frame": {"x":1498,"y":1040,"w":49,"h":90},
	"rotated": false,
	"trimmed": true,
	"spriteSourceSize": {"x":0,"y":0,"w":49,"h":90},
	"sourceSize": {"w":50,"h":90}
},
"players/pyrok/idle/idleL.png":
{
	"frame": {"x":1888,"y":372,"w":63,"h":102},
	"rotated": false,
	"trimmed": false,
	"spriteSourceSize": {"x":0,"y":0,"w":63,"h":102},
	"sourceSize": {"w":63,"h":102}
},
"players/pyrok/idle/idleLD.png":
{
	"frame": {"x":1830,"y":948,"w":50,"h":100},
	"rotated": false,
	"trimmed": false,
	"spriteSourceSize": {"x":0,"y":0,"w":50,"h":100},
	"sourceSize": {"w":50,"h":100}
},
"players/pyrok/idle/idleLU.png":
{
	"frame": {"x":1277,"y":827,"w":54,"h":100},
	"rotated": false,
	"trimmed": false,
	"spriteSourceSize": {"x":0,"y":0,"w":54,"h":100},
	"sourceSize": {"w":54,"h":100}
},
"players/pyrok/run/runL0001.png":
{
	"frame": {"x":1270,"y":226,"w":65,"h":101},
	"rotated": false,
	"trimmed": true,
	"spriteSourceSize": {"x":0,"y":0,"w":65,"h":101},
	"sourceSize": {"w":66,"h":109}
},
"players/pyrok/run/runL0002.png":
{
	"frame": {"x":1425,"y":482,"w":65,"h":106},
	"rotated": false,
	"trimmed": true,
	"spriteSourceSize": {"x":0,"y":0,"w":65,"h":106},
	"sourceSize": {"w":66,"h":109}
},
"players/pyrok/run/runL0003.png":
{
	"frame": {"x":1273,"y":115,"w":66,"h":109},
	"rotated": false,
	"trimmed": false,
	"spriteSourceSize": {"x":0,"y":0,"w":66,"h":109},
	"sourceSize": {"w":66,"h":109}
},
"players/pyrok/run/runL0004.png":
{
	"frame": {"x":1100,"y":311,"w":66,"h":109},
	"rotated": false,
	"trimmed": false,
	"spriteSourceSize": {"x":0,"y":0,"w":66,"h":109},
	"sourceSize": {"w":66,"h":109}
},
"players/pyrok/run/runL0005.png":
{
	"frame": {"x":464,"y":1068,"w":65,"h":101},
	"rotated": false,
	"trimmed": true,
	"spriteSourceSize": {"x":0,"y":0,"w":65,"h":101},
	"sourceSize": {"w":66,"h":109}
},
"players/pyrok/run/runL0006.png":
{
	"frame": {"x":1492,"y":466,"w":65,"h":106},
	"rotated": false,
	"trimmed": true,
	"spriteSourceSize": {"x":0,"y":0,"w":65,"h":106},
	"sourceSize": {"w":66,"h":109}
},
"players/pyrok/run/runL0007.png":
{
	"frame": {"x":1236,"y":419,"w":65,"h":109},
	"rotated": false,
	"trimmed": true,
	"spriteSourceSize": {"x":0,"y":0,"w":65,"h":109},
	"sourceSize": {"w":66,"h":109}
},
"players/pyrok/run/runL0008.png":
{
	"frame": {"x":1425,"y":371,"w":65,"h":109},
	"rotated": false,
	"trimmed": true,
	"spriteSourceSize": {"x":0,"y":0,"w":65,"h":109},
	"sourceSize": {"w":66,"h":109}
},
"players/pyrok/run/runLD0001.png":
{
	"frame": {"x":306,"y":963,"w":50,"h":110},
	"rotated": false,
	"trimmed": false,
	"spriteSourceSize": {"x":0,"y":0,"w":50,"h":110},
	"sourceSize": {"w":50,"h":110}
},
"players/pyrok/run/runLD0002.png":
{
	"frame": {"x":350,"y":850,"w":50,"h":110},
	"rotated": false,
	"trimmed": false,
	"spriteSourceSize": {"x":0,"y":0,"w":50,"h":110},
	"sourceSize": {"w":50,"h":110}
},
"players/pyrok/run/runLD0003.png":
{
	"frame": {"x":575,"y":538,"w":50,"h":107},
	"rotated": false,
	"trimmed": true,
	"spriteSourceSize": {"x":0,"y":0,"w":50,"h":107},
	"sourceSize": {"w":50,"h":110}
},
"players/pyrok/run/runLD0004.png":
{
	"frame": {"x":1642,"y":847,"w":50,"h":104},
	"rotated": false,
	"trimmed": true,
	"spriteSourceSize": {"x":0,"y":0,"w":50,"h":104},
	"sourceSize": {"w":50,"h":110}
},
"players/pyrok/run/runLD0005.png":
{
	"frame": {"x":402,"y":846,"w":50,"h":110},
	"rotated": false,
	"trimmed": false,
	"spriteSourceSize": {"x":0,"y":0,"w":50,"h":110},
	"sourceSize": {"w":50,"h":110}
},
"players/pyrok/run/runLD0006.png":
{
	"frame": {"x":358,"y":962,"w":50,"h":110},
	"rotated": false,
	"trimmed": false,
	"spriteSourceSize": {"x":0,"y":0,"w":50,"h":110},
	"sourceSize": {"w":50,"h":110}
},
"players/pyrok/run/runLD0007.png":
{
	"frame": {"x":1224,"y":643,"w":50,"h":107},
	"rotated": false,
	"trimmed": true,
	"spriteSourceSize": {"x":0,"y":0,"w":50,"h":107},
	"sourceSize": {"w":50,"h":110}
},
"players/pyrok/run/runLD0008.png":
{
	"frame": {"x":1742,"y":842,"w":50,"h":104},
	"rotated": false,
	"trimmed": true,
	"spriteSourceSize": {"x":0,"y":0,"w":50,"h":104},
	"sourceSize": {"w":50,"h":110}
},
"players/pyrok/run/runLU0001.png":
{
	"frame": {"x":1277,"y":724,"w":54,"h":101},
	"rotated": false,
	"trimmed": true,
	"spriteSourceSize": {"x":0,"y":0,"w":54,"h":101},
	"sourceSize": {"w":55,"h":109}
},
"players/pyrok/run/runLU0002.png":
{
	"frame": {"x":866,"y":819,"w":55,"h":105},
	"rotated": false,
	"trimmed": true,
	"spriteSourceSize": {"x":0,"y":0,"w":55,"h":105},
	"sourceSize": {"w":55,"h":109}
},
"players/pyrok/run/runLU0003.png":
{
	"frame": {"x":627,"y":956,"w":55,"h":108},
	"rotated": false,
	"trimmed": true,
	"spriteSourceSize": {"x":0,"y":0,"w":55,"h":108},
	"sourceSize": {"w":55,"h":109}
},
"players/pyrok/run/runLU0004.png":
{
	"frame": {"x":522,"y":957,"w":55,"h":109},
	"rotated": false,
	"trimmed": false,
	"spriteSourceSize": {"x":0,"y":0,"w":55,"h":109},
	"sourceSize": {"w":55,"h":109}
},
"players/pyrok/run/runLU0005.png":
{
	"frame": {"x":1647,"y":633,"w":55,"h":101},
	"rotated": false,
	"trimmed": true,
	"spriteSourceSize": {"x":0,"y":0,"w":55,"h":101},
	"sourceSize": {"w":55,"h":109}
},
"players/pyrok/run/runLU0006.png":
{
	"frame": {"x":1276,"y":617,"w":55,"h":105},
	"rotated": false,
	"trimmed": true,
	"spriteSourceSize": {"x":0,"y":0,"w":55,"h":105},
	"sourceSize": {"w":55,"h":109}
},
"players/pyrok/run/runLU0007.png":
{
	"frame": {"x":682,"y":846,"w":54,"h":108},
	"rotated": false,
	"trimmed": true,
	"spriteSourceSize": {"x":0,"y":0,"w":54,"h":108},
	"sourceSize": {"w":55,"h":109}
},
"players/pyrok/run/runLU0008.png":
{
	"frame": {"x":571,"y":846,"w":54,"h":109},
	"rotated": false,
	"trimmed": true,
	"spriteSourceSize": {"x":0,"y":0,"w":54,"h":109},
	"sourceSize": {"w":55,"h":109}
}},
"meta": {
	"app": "http://www.codeandweb.com/texturepacker",
	"version": "1.0",
	"image": "salsicha.png",
	"format": "RGBA8888",
	"size": {"w":2037,"h":1170},
	"scale": "1",
	"smartupdate": "$TexturePacker:SmartUpdate:c8872a061ba3f9c83d16cd0e782ff5d2:15bf31b3f71991903da79e1f67ae6a58:00e59caff189c274b92eccb5e63ee164$"
}
}
